page_id,title,in_degree,out_degree,total_degree,pagerank,community_id,community_size
21488,Nanotechnology,146,41,187,0.02968223215182622,132,134
60786392,Nanotechnology in warfare,1,3,4,0.00024112238513006692,132,134
14431229,Outline of nanotechnology,1,89,90,0.00021570481195800983,1,142
7064233,History of nanotechnology,4,18,22,0.0009172023975986894,1,142
49615253,5D optical data storage,1,0,1,0.0005197702970455196,2,4
11591432,Acoustic droplet ejection,1,0,1,0.0011334952855391344,30,52
63883339,Nanotechnology in agriculture,0,0,0,0.0002093478632240107,4,1
54457921,Alternating current electrospinning,1,1,2,0.0027819662695290795,180,108
38324933,Applications of nanotechnology,4,9,13,0.00033629078590335823,1,142
11448262,Artificial enzyme,3,6,9,0.000623776310149225,180,108
3211,Atom probe,0,1,1,0.0002093478632240107,6,2
63675213,Atomic manipulation,1,4,5,0.00026867938474133587,1,142
39455714,Auger architectomics,0,1,1,0.0002093478632240107,8,51
10203313,Biological computing,0,5,5,0.0002093478632240107,9,62
59761651,Warwick Bowen,0,0,0,0.0002093478632240107,10,1
39271639,A Boy and His Atom,5,2,7,0.0012469078314992583,1,142
508390,Brownian motor,2,11,13,0.0007127196992161404,5,43
432276,Brownian ratchet,4,3,7,0.0015317117441967047,5,43
1249261,Bulk micromachining,4,0,4,0.0005488826711343888,12,86
51056408,Carbon nanotubes in interconnects,1,2,3,0.00048082418318578406,132,134
64240712,Centre for Nanosciences and Nanotechnologies,0,2,2,0.0002093478632240107,201,58
5624034,Chemical compound microarray,0,0,0,0.0002093478632240107,14,1
52937983,Chemosynthesis (nanotechnology),0,1,1,0.0002093478632240107,24,144
51623139,Clinatec,0,2,2,0.0002093478632240107,132,134
13751165,Coherent diffraction imaging,0,1,1,0.0002093478632240107,132,134
15368504,Computational gene,4,4,8,0.0012195322725405031,9,62
1440307,Dielectrophoresis,3,0,3,0.000917063346466656,30,52
49261105,Directed assembly of micro- and nano-structures,1,4,5,0.0006771222375755472,12,86
45522513,Electro sinter forging,0,0,0,0.0002093478632240107,17,1
9673324,Electron beam-induced deposition,2,1,3,0.0005946888700645583,12,86
1352090,Electrospinning,5,1,6,0.0030004669576451106,180,108
10209776,Energy applications of nanotechnology,6,3,9,0.0009786047627921633,1,142
263902,Evanescent field,0,1,1,0.0002093478632240107,201,58
183275,Exploratory engineering,0,1,1,0.0002093478632240107,1,142
17837667,Extended metal atom chains,0,0,0,0.0002093478632240107,18,1
9590785,Feature-oriented positioning,1,1,2,0.0013035406591128168,12,86
8984619,Feature-oriented scanning,4,3,7,0.003858991839545162,12,86
1498102,Femtotechnology,2,0,2,0.000276838048678119,1,142
9548739,Feynman Prize in Nanotechnology,8,29,37,0.002103713596258009,1,142
46306612,Fidgetin-like 2,0,0,0,0.0002093478632240107,19,1
53307338,FlowFET,0,2,2,0.0002093478632240107,30,52
7901142,Fluorescence interference contrast microscopy,0,0,0,0.0002093478632240107,20,1
7920461,Gas cluster ion beam,0,1,1,0.0002093478632240107,24,144
961961,Gene gun,1,0,1,0.00026867938474133587,1,142
63399479,Glossary of nanotechnology,0,28,28,0.0002093478632240107,1,142
175996,Gray goo,0,7,7,0.0002093478632240107,1,142
19606838,Grazing-incidence small-angle scattering,2,0,2,0.0004562696934877838,22,55
51408572,HeiQ Materials AG,0,1,1,0.0002093478632240107,66,17
2036687,Hydrogen-terminated silicon surface,0,1,1,0.0002093478632240107,12,86
36510964,IBM (atoms),5,2,7,0.0008530740526973763,1,142
37384533,IEEE P1906.1,3,0,3,0.0007960599019866902,201,58
7200558,Impact of nanotechnology,3,6,9,0.0004746477427898544,1,142
7067473,Industrial applications of nanotechnology,3,6,9,0.00032913114993338936,1,142
1686404,Integrated nanoliter system,0,1,1,0.0002093478632240107,24,144
53384839,"International Union for Vacuum Science, Technique and Applications",0,0,0,0.0002093478632240107,25,1
57091934,Ion implantation-induced nanoparticle formation,1,1,2,0.0008251073684677657,132,134
33558290,Ion track,0,3,3,0.0002093478632240107,24,144
7507272,Ion-beam sculpting,2,1,3,0.00030040581640067624,1,142
24135147,Kodecyte,0,0,0,0.0002093478632240107,26,1
1041078,Lab-on-a-chip,7,3,10,0.001890568490079928,30,52
2227503,Langmuir–Blodgett film,16,1,17,0.003624115715406582,12,86
14756976,Linear acetylenic carbon,1,1,2,0.00048082418318578406,132,134
63801647,Linear chain compound,0,0,0,0.0002093478632240107,27,1
2174453,Lotus effect,4,0,4,0.0010015486153103128,66,17
41596497,Magnetic 3D bioprinting,0,0,0,0.0002093478632240107,28,1
22682042,Magnetolithography,1,0,1,0.0006771222375755472,12,86
20433319,Materiomics,2,1,3,0.0014739166316726357,132,134
96558,Maxwell's demon,2,3,5,0.000702905855920559,5,43
312671,Mechanosynthesis,5,4,9,0.00043915061055746117,1,142
31894500,MEMS for in situ mechanical characterization,0,0,0,0.0002093478632240107,29,1
3238520,Microfabrication,8,10,18,0.002820321290673191,24,144
18906,Microfluidics,14,3,17,0.0032591166598143575,30,52
410778,Micromachinery,3,2,5,0.0005928059447331442,30,52
46840724,Micromotor,1,1,2,0.00030090153900347576,5,43
156428,Microtechnology,2,2,4,0.00044667394929331136,24,144
11763579,Microvesicle,0,0,0,0.0002093478632240107,31,1
1592956,Millipede memory,5,3,8,0.0009220105508390682,12,86
294218,Molecular assembler,7,9,16,0.0017965397751334104,1,142
177515,Molecular engineering,2,15,17,0.00037738821116218966,1,142
1762926,Molecular machine,15,10,25,0.0035557650841309416,180,108
19637,Molecular nanotechnology,7,18,25,0.0019407946150378293,1,142
12222140,Molecular spring,0,2,2,0.0002093478632240107,24,144
49808784,Multi-parametric surface plasmon resonance,3,3,6,0.0005502773578712157,201,58
43940392,Nano flake,0,1,1,0.0002093478632240107,32,2
3544225,Nano-abacus,1,1,2,0.00021140853412468852,132,134
62307595,Nano-interfaces in bone,0,0,0,0.0002093478632240107,33,1
53121641,Nano-suction technology,0,1,1,0.0002093478632240107,22,55
22730221,Nanoarchitectures for lithium-ion batteries,0,5,5,0.0002093478632240107,30,52
3485752,Nanoart,1,3,4,0.00024112238513006692,1,142
21399554,Nanobama,0,0,0,0.0002093478632240107,35,1
30737379,Nanobiomechanics,1,0,1,0.00040221534434841554,1,142
2154572,Nanobiotechnology,13,10,23,0.0022673852953844667,1,142
3037149,Nanocar,8,4,12,0.0025054296005746646,5,43
58797296,Nanocar Race,1,2,3,0.000511820112882726,5,43
4653948,Nanochemistry,2,15,17,0.0003894844532174591,12,86
12682423,Nanochondrion,1,1,2,0.00021570481195800983,1,142
21561,Nanoengineering,8,7,15,0.0013661228679099813,132,134
8702779,Nanofiltration,4,4,8,0.0005054653678505572,24,144
24833024,Nanofluidic circuitry,2,2,4,0.0006257080359313952,30,52
10172238,Nanofluidics,5,4,9,0.0016987634455567498,30,52
33511110,Nanofoundry,0,2,2,0.0002093478632240107,1,142
52122213,Nanohole,1,1,2,0.00027342720641594155,37,30
21370273,Nanoindenter,0,0,0,0.0002093478632240107,38,1
60362836,Nanoinformatics,0,1,1,0.0002093478632240107,1,142
47654333,Nanolamination,0,0,0,0.0002093478632240107,39,1
10215914,NanoLanguage,3,3,6,0.0004725103091182916,132,134
6736363,Nanomanufacturing,2,2,4,0.00044950684667434865,132,134
14661057,Nanomechanics,4,3,7,0.0007102605572312263,1,142
21514,Nanomedicine,32,21,53,0.005157639752834107,1,142
11172708,Nanometrology,2,4,6,0.0008271680393684435,22,55
18536695,Nanomorphic cell,0,1,1,0.0002093478632240107,1,142
44594133,Nanophotonic resonator,0,0,0,0.0002093478632240107,40,1
52772118,Nanopipette,0,0,0,0.0002093478632240107,41,1
625341,Nanopore,5,5,10,0.0005777831202092867,37,30
733009,Nanopore sequencing,3,1,4,0.0006247277817450357,37,30
3765946,Nanoprobe (device),1,0,1,0.00021570481195800983,1,142
11519910,NanoPutian,1,4,5,0.0007421841374218262,5,43
33599550,Nanoreactor,1,0,1,0.0005244076495189223,37,30
1006597,Nanorobotics,22,9,31,0.004152725330623867,1,142
1545858,Nanoruler,1,1,2,0.0013606668783335653,42,2
26968133,Nanonetwork,1,1,2,0.00023502596370634352,201,58
603278,Nanosensor,1,7,8,0.00021140853412468852,201,58
12368774,Nanosubmarine,1,0,1,0.00040221534434841554,1,142
905278,Nanotechnology education,2,5,7,0.0009942365394662654,132,134
38262855,Nanothermometry,0,0,0,0.0002093478632240107,43,1
41067335,Nanotopography,3,0,3,0.0005648061092263915,24,144
2536597,Nanotribology,1,8,9,0.00021140853412468852,180,108
55567666,Newlab,0,0,0,0.0002093478632240107,45,1
44524545,Optoelectrowetting,0,1,1,0.0002093478632240107,9,62
33980770,Organ-on-a-chip,2,3,5,0.0008264945740807667,30,52
1498080,Picotechnology,1,3,4,0.00021570481195800983,1,142
30869356,Plasmonic metamaterial,2,2,4,0.0003463696648199371,201,58
44522280,Plasmonics,7,1,8,0.007400374847414529,201,58
14669487,Productive nanosystems,1,2,3,0.0003010717824533538,1,142
1659679,Protein microarray,1,1,2,0.00038734242777598623,12,86
399116,Quantum solvent,0,0,0,0.0002093478632240107,47,1
55481097,RNA origami,2,3,5,0.0005007471409232487,9,62
42951933,Robotic sperm,0,1,1,0.0002093478632240107,30,52
35033195,Roller electrospinning,0,0,0,0.0002093478632240107,48,1
42744699,Salvinia effect,0,3,3,0.0002093478632240107,66,17
46777482,SAMSON,1,1,2,0.00048082418318578406,132,134
60944280,Scanning helium microscopy,0,4,4,0.0002093478632240107,22,55
7886048,Scanning probe lithography,5,8,13,0.001844388985324588,12,86
24117996,SEEC microscopy,0,4,4,0.0002093478632240107,12,86
3312554,Selective leaching,0,0,0,0.0002093478632240107,49,1
1753270,Self-assembled monolayer,7,5,12,0.0011220477664841513,12,86
351914,Self-assembly,12,7,19,0.0024369176239229886,22,55
53391053,Shu Jie Lam,0,0,0,0.0002093478632240107,50,1
33987226,Silanization of silicon and mica,1,1,2,0.00038734242777598623,12,86
51167783,Silicon nanowire,3,4,7,0.0006749068155990313,30,52
55274673,Single colour reflectometry,0,1,1,0.0002093478632240107,201,58
32997323,Single-molecule electric motor,0,1,1,0.0002093478632240107,132,134
19079770,Societal impact of nanotechnology,2,3,5,0.00024828202110003584,1,142
56859193,Solvated metal atom dispersion,0,1,1,0.0002093478632240107,24,144
32747596,Structural coloration,1,1,2,0.001250723862219333,51,10
1249227,Surface micromachining,7,4,11,0.0007121093348722734,12,86
1991073,Surface plasmon resonance,8,7,15,0.001283730746476598,201,58
31562046,Synthetic ion channels,1,3,4,0.000292147793268715,132,134
3200021,Synthetic molecular motor,4,3,7,0.0020143872473400116,5,43
2547900,Synthetic setae,3,5,8,0.0012468327718538515,22,55
24812935,Technomimetics,1,1,2,0.0003010717824533538,180,108
62507181,TectoRNA,0,7,7,0.0002093478632240107,9,62
10635829,Teeny Ted from Turnip Town,2,2,4,0.0008079616471226767,1,142
35756148,Thermal conductance quantum,1,1,2,0.000396265219307963,30,52
29284770,Thermal scanning probe lithography,1,11,12,0.0004707778175947573,12,86
22898551,Thermal transport in nanostructures,0,0,0,0.0002093478632240107,53,1
32855569,Thermochemical nanolithography,1,10,11,0.00024574867834948607,12,86
1033036,Thin film,15,23,38,0.003564613157293772,24,144
13007524,Tomlinson model,0,0,0,0.0002093478632240107,54,1
23735926,Trojan wave packet,1,1,2,0.00032944198178085267,24,144
39154794,Tunable resistive pulse sensing,1,2,3,0.0002820507340914835,30,52
518104,Utility fog,7,4,11,0.0006652711042475386,1,142
56007469,Virus nanotechnology,0,0,0,0.0002093478632240107,55,1
30380229,Wet nanotechnology,2,2,4,0.0008314643172017647,30,52
2164351,Phaedon Avouris,3,0,3,0.000327808511569216,1,142
19577291,Walter De Brouwer,0,0,0,0.0002093478632240107,56,1
61717182,Marija Drndic,0,2,2,0.0002093478632240107,24,144
47153428,Nashwa Eassa,0,0,0,0.0002093478632240107,57,1
20219113,Thomas Ebbesen,1,3,4,0.00029834514549999843,132,134
22327648,Ille Gebeshuber,0,0,0,0.0002093478632240107,58,1
44899778,Yury Gogotsi,1,1,2,0.0003115615442626116,132,134
64685180,Renata Gomes,0,1,1,0.0002093478632240107,132,134
33069429,Hyeon Taeghwan,0,1,1,0.0002093478632240107,132,134
15759971,Mamadsho Ilolov,0,0,0,0.0002093478632240107,59,1
55751988,Tessy María López Goerne,0,0,0,0.0002093478632240107,60,1
10720277,Tom Newman (scientist),3,2,5,0.0017464621600919667,1,142
61310609,Nguyen TK Thanh,0,2,2,0.0002093478632240107,24,144
64473976,Mark Petrokovets,0,0,0,0.0002093478632240107,61,1
2251815,Chris Phoenix (nanotechnologist),2,0,2,0.0003031324533540316,1,142
29267271,Leonard H. Rome,0,1,1,0.0002093478632240107,132,134
54932727,Gagik Shmavonyan,0,0,0,0.0002093478632240107,63,1
50312945,Supeno Surija,0,1,1,0.0002093478632240107,132,134
3183280,Miguel José Yacamán,0,0,0,0.0002093478632240107,64,1
63215116,Linda Zou,0,0,0,0.0002093478632240107,65,1
7664801,3M,2,0,2,0.0004986458435410244,132,134
38402309,Alphabet Energy,0,1,1,0.0002093478632240107,30,52
29771132,Amroy Europe,0,1,1,0.0002093478632240107,1,142
5667842,ApNano,0,1,1,0.0002093478632240107,67,2
2875651,ASML,0,2,2,0.0002093478632240107,12,86
17737696,Aspex,0,0,0,0.0002093478632240107,68,1
5920338,Atomistix,3,4,7,0.0005001241982151218,132,134
10215849,Atomistix ToolKit,3,5,8,0.0005182982069401229,132,134
4671396,Atomistix Virtual NanoLab,2,5,7,0.0004038284623855447,132,134
44309225,Ayoxxa Biosystems,0,1,1,0.0002093478632240107,12,86
23748305,Bayer,2,0,2,0.00047633971005197386,1,142
8045367,BIOVIA,0,0,0,0.0002093478632240107,69,1
36974622,CytoViva,0,3,3,0.0002093478632240107,132,134
9246109,Eikos,0,1,1,0.0002093478632240107,70,30
3846227,EyePoint Pharmaceuticals,0,0,0,0.0002093478632240107,71,1
42492930,HZO,0,0,0,0.0002093478632240107,72,1
31790695,Izon Science,2,5,7,0.0004275163095751436,30,52
47487717,Keystone Nano,0,0,0,0.0002093478632240107,73,1
52174112,Multibeam Corporation,2,3,5,0.0007311894962958264,12,86
34347641,NanoAndMore,0,4,4,0.0002093478632240107,132,134
31387219,Nanobiotix,1,1,2,0.0004674545780849506,74,3
26697376,Nanoco,1,2,3,0.00032944198178085267,24,144
2154537,NanoInk,0,2,2,0.0002093478632240107,132,134
30784853,NanoIntegris,1,2,3,0.0002640356213680548,132,134
23172649,NanoScale Corporation,0,1,1,0.0002093478632240107,132,134
34346840,Nanosensors (company),2,3,5,0.00032753785474777,132,134
43014538,NanoSight,0,2,2,0.0002093478632240107,132,134
869886,Nanosys,5,4,9,0.0005235767568247751,132,134
50049257,Nanotronics Imaging,0,2,2,0.0002093478632240107,132,134
34335144,NanoWorld,2,4,6,0.00034667698641125853,132,134
44515952,OCSiAl,4,0,4,0.0021128807424272964,1,142
26974467,Optogan,0,0,0,0.0002093478632240107,75,1
860879,Oxford Instruments,1,0,1,0.00038734242777598623,6,2
26057471,P2i,1,1,2,0.0002559933391842828,1,142
48649435,Research Frontiers,0,1,1,0.0002093478632240107,132,134
14233462,RTI Surgical,0,0,0,0.0002093478632240107,76,1
6207166,Veredus Laboratories,0,1,1,0.0002093478632240107,30,52
38428702,Xolve,0,0,0,0.0002093478632240107,77,1
29162730,Zyvex,8,3,11,0.003943390900562814,1,142
26338806,Zyvex Technologies,3,1,4,0.002186344200503273,1,142
26901564,DNA nanotechnology,26,17,43,0.004553537366233956,9,62
27216689,Coding theory approaches to nucleic acid design,1,4,5,0.0004613181379330138,9,62
253418,DNA computing,20,3,23,0.002934430569577951,9,62
3293508,DNA machine,7,3,10,0.0014218727160406161,9,62
4415615,DNA origami,12,7,19,0.002188671593251934,9,62
47851444,DNA walker,2,4,6,0.0008403992280856683,9,62
42283768,Doctor in a cell,0,1,1,0.0002093478632240107,9,62
17982852,Nucleic acid design,5,6,11,0.001777246730028331,9,62
29145096,NUPACK,1,0,1,0.0002495144159809916,9,62
38959571,Transcriptor,1,0,1,0.0010413386613495838,9,62
16065393,Green nanotechnology,5,2,7,0.0006009353016007358,1,142
45714927,Mercury nano-trap water filtration,0,0,0,0.0002093478632240107,78,1
43424809,Nanoremediation,1,4,5,0.00023159718379300764,24,144
55566398,Nanotechnology for water purification,0,8,8,0.0002093478632240107,24,144
19079647,Pollution from nanomaterials,0,0,0,0.0002093478632240107,79,1
18069384,Regulation of nanotechnology,2,3,5,0.000522717288461267,1,142
21924889,Nanopunk,2,13,15,0.0005635517982230357,1,142
3165257,Nanotechnology in fiction,9,23,32,0.002432794818869407,1,142
47614930,Amnesia (Code Lyoko),0,0,0,0.0002093478632240107,80,1
52192882,Ana (Overwatch),0,0,0,0.0002093478632240107,81,1
44254295,Avengers: Endgame,0,1,1,0.0002093478632240107,82,7
22829145,Baldr Sky,1,0,1,0.0005966754928926074,1,142
5502159,Battle Angel Alita: Last Order,0,1,1,0.0002093478632240107,83,3
48666402,Battle Angel Alita: Mars Chronicle,0,1,1,0.0002093478632240107,83,3
49660110,Big Hero 6: The Series,0,0,0,0.0002093478632240107,84,1
3117149,Biomega (manga),0,1,1,0.0002093478632240107,85,2
42786109,Blackhole (video game),0,1,1,0.0002093478632240107,1,142
723377,Blame!,1,0,1,0.00038734242777598623,85,2
44449,Blood Music (novel),4,0,4,0.0006031850610600138,1,142
1963048,Bloom (novel),1,1,2,0.0006535507639094326,132,134
4923157,By the Light of the Moon (novel),0,0,0,0.0002093478632240107,86,1
43645565,The Causal Angel,2,2,4,0.0015078355735379267,87,6
5436452,Cerebro's X-Men,0,0,0,0.0002093478632240107,88,1
44103659,The Chronicle of the Fallers,1,1,2,0.0005197702970455196,2,4
2682492,Commonwealth Saga,2,3,5,0.0010921224252292147,2,4
3837885,Crysis (video game),3,3,6,0.002438169200477753,89,7
14421816,Crysis 2,5,3,8,0.0027648722326609186,89,7
14421821,Crysis 3,4,3,7,0.001853575049792436,89,7
58623,The Culture,0,0,0,0.0002093478632240107,90,1
36691288,Cyberpunk 2077,0,2,2,0.0002093478632240107,132,134
1866458,Dark Sector,1,1,2,0.0004674545780849506,91,4
1543682,DC One Million,0,0,0,0.0002093478632240107,92,1
35896442,Destiny (video game),2,1,3,0.00225387917858218,91,4
49400008,Destiny 2,1,1,2,0.0021144616499349784,91,4
52224,The Diamond Age,6,6,12,0.0016365120746408078,1,142
1014591,Eden (Lem novel),2,0,2,0.0006103270925100455,1,142
1449930,Eden: It's an Endless World!,0,0,0,0.0002093478632240107,93,1
4589813,Eon (novel),2,1,3,0.001936326385888343,94,3
5459336,Eternity (novel),2,1,3,0.001936326385888343,94,3
20835611,Extremis,1,2,3,0.0009894650799933242,82,7
50978516,Faking Miracles,0,0,0,0.0002093478632240107,95,1
2080,A Fire Upon the Deep,1,0,1,0.00028635303217117977,87,6
5385860,Forge of Heaven,1,1,2,0.0013606668783335653,96,2
35259878,The Fractal Prince,2,2,4,0.0015078355735379267,87,6
32910742,G.I. Joe: Retaliation,0,0,0,0.0002093478632240107,97,1
13734892,G.I. Joe: The Rise of Cobra,0,0,0,0.0002093478632240107,98,1
45032290,Grey Goo,0,0,0,0.0002093478632240107,99,1
6106920,Hammerfall (novel),1,1,2,0.0013606668783335653,96,2
922920,Hostile Waters: Antaeus Rising,0,1,1,0.0002093478632240107,132,134
228995,Hyperion Cantos,2,0,2,0.00043536390010676156,132,134
755109,Ilium (novel),1,2,3,0.0003054905023301772,132,134
12837452,Ilium/Olympos,1,3,4,0.00033922126100059506,132,134
31440066,Implied Spaces,0,0,0,0.0002093478632240107,100,1
1752305,Infinite Crisis,0,0,0,0.0002093478632240107,101,1
220116,The Invincible,5,2,7,0.000731377582274835,1,142
65615059,Iron Man's armor (Marvel Cinematic Universe),2,1,3,0.001078462362269312,82,7
732107,James Bond 007: Everything or Nothing,0,0,0,0.0002093478632240107,102,1
17014283,Kiki the nano bot,0,1,1,0.0002093478632240107,1,142
19406821,The Killing Star,0,0,0,0.0002093478632240107,103,1
9839076,Limit of Vision,0,0,0,0.0002093478632240107,104,1
50689963,Mercy (Overwatch),0,0,0,0.0002093478632240107,105,1
23048153,Metal Gear Rising: Revengeance,0,2,2,0.0002093478632240107,89,7
1575603,Metal Gear Solid 4: Guns of the Patriots,0,2,2,0.0002093478632240107,89,7
19114338,Microcosm (video game),0,0,0,0.0002093478632240107,106,1
43573181,Mirror's Edge Catalyst,0,0,0,0.0002093478632240107,107,1
52702026,Nanorobotic terminators,0,0,0,0.0002093478632240107,108,1
56300,Nanotech (anthology),0,1,1,0.0002093478632240107,1,142
37984303,The Nexus Trilogy,1,2,3,0.0006068721067321529,1,142
593924,Observation on the Spot,0,0,0,0.0002093478632240107,109,1
414658,Orion's Arm,1,5,6,0.0004528233899905942,87,6
59722664,Osmosis (TV series),0,0,0,0.0002093478632240107,110,1
40201915,Outlast,0,1,1,0.0002093478632240107,1,142
19230387,Permanence (novel),0,0,0,0.0002093478632240107,111,1
33351584,Postsingular,0,2,2,0.0002093478632240107,1,142
367519,Prey (novel),2,3,5,0.0004309099270139102,1,142
30020699,The Quantum Thief,3,2,5,0.0015618688215511816,87,6
751104,Queen of Angels (novel),0,1,1,0.0002093478632240107,132,134
26008898,Ra.One,0,0,0,0.0002093478632240107,112,1
13302082,Revelation Space series,0,1,1,0.0002093478632240107,1,142
35761027,Revolution (TV series),1,1,2,0.00029931972725670336,1,142
8684736,Rex Ronan: Experimental Surgeon,0,1,1,0.0002093478632240107,1,142
376870,Perry Rhodan,0,0,0,0.0002093478632240107,113,1
547539,Rifts (role-playing game),0,0,0,0.0002093478632240107,114,1
47956963,John Ringo bibliography,0,0,0,0.0002093478632240107,115,1
9454227,River of Gods,0,0,0,0.0002093478632240107,116,1
52438070,Scooby Apocalypse,1,1,2,0.000246221350199358,1,142
46185063,Shadowrun,0,0,0,0.0002093478632240107,117,1
35252530,Silo (series),0,0,0,0.0002093478632240107,118,1
244338,T-1000,5,3,8,0.0010551418429652906,1,142
47176071,T-3000,4,8,12,0.0011705418837166747,1,142
246363,Terminator (franchise),6,3,9,0.001124485816717923,1,142
34344124,Terminator 2: Judgment Day,0,3,3,0.0002093478632240107,1,142
44609083,Terminator Genisys,6,4,10,0.0011902204905282624,1,142
380013,The Time Ships,0,0,0,0.0002093478632240107,119,1
38736007,Torment: Tides of Numenera,0,0,0,0.0002093478632240107,120,1
627206,Transhuman Space,1,1,2,0.00028635303217117977,87,6
6324034,Uglies,0,0,0,0.0002093478632240107,121,1
598460,Vampire Hunter D,0,0,0,0.0002093478632240107,122,1
37649990,Vast (novel),0,0,0,0.0002093478632240107,123,1
3610212,Void Trilogy,1,1,2,0.0005197702970455196,2,4
38333096,Warframe,1,2,3,0.0006068721067321529,91,4
301618,The Way (novel series),0,2,2,0.0002093478632240107,94,3
7851378,The Wellstone,1,2,3,0.0006535507639094326,132,134
34168,Xenogears,0,0,0,0.0002093478632240107,124,1
22679256,AlloSphere,1,1,2,0.0013302479340850403,132,134
2869732,American National Standards Institute Nanotechnology Panel,0,0,0,0.0002093478632240107,125,1
2225423,AMOLF,1,0,1,0.00038734242777598623,126,2
47929654,British Society for Nanomedicine,1,1,2,0.0004182373421031454,1,142
18618196,California NanoSystems Institute,7,2,9,0.002633893721996373,132,134
51484732,Catalan Institute of Nanoscience and Nanotechnology,0,1,1,0.0002093478632240107,132,134
23823849,Catalan Institute of Nanotechnology,1,1,2,0.00038734242777598623,132,134
29388754,CEA-Leti: Laboratoire d'électronique des technologies de l'information,0,3,3,0.0002093478632240107,132,134
4120631,CeNTech,1,0,1,0.00038734242777598623,127,2
59717330,Center for Chemistry at the Space-Time Limit,2,3,5,0.00418560673044011,201,58
39552728,Center for High-rate Nanomanufacturing,1,1,2,0.0004004741539178254,132,134
4544290,Center for NanoScience,1,1,2,0.001741550040091907,22,55
31746484,Center for Nanotechnology in Society,0,2,2,0.0002093478632240107,132,134
21483862,Center for Probing the Nanoscale,0,0,0,0.0002093478632240107,128,1
37236301,Center of Excellence in Nanotechnology for Energy,0,0,0,0.0002093478632240107,129,1
38904907,Centre for Advanced 2D Materials,1,2,3,0.000964715026690197,22,55
33664739,Centre for Nanoscience and Quantum Information,0,4,4,0.0002093478632240107,132,134
63334526,Cluster of Excellence Frankfurt Macromolecular Complexes,0,1,1,0.0002093478632240107,9,62
11751,Foresight Institute,7,6,13,0.0014746218150091784,1,142
42525300,Indian Association for the Cultivation of Science,0,0,0,0.0002093478632240107,130,1
18844184,Institut d'électronique de microélectronique et de nanotechnologie,1,0,1,0.0003784770342225103,132,134
28955459,Institut des nanotechnologies de Lyon,0,0,0,0.0002093478632240107,131,1
39827483,Institute of Nano Science and Technology,0,3,3,0.0002093478632240107,30,52
19355977,International Center for Materials Nanoarchitectonics,3,3,6,0.0006794220819485173,5,43
28384440,International Center for Technology Assessment,3,2,5,0.0007320417804083704,1,142
23850329,International conference on Physics of Light–Matter Coupling in Nanostructures,0,1,1,0.0002093478632240107,201,58
13779708,International Council on Nanotechnology,0,1,1,0.0002093478632240107,132,134
15672113,International Iberian Nanotechnology Laboratory,1,3,4,0.000582449142782311,1,142
44158633,International Institute for Nanotechnology,1,0,1,0.00035139594699308264,132,134
34597671,"International Society for Nanoscale Science, Computation, and Engineering",3,17,20,0.0005366851897998868,9,62
19970839,Istituto Italiano di Tecnologia,0,0,0,0.0002093478632240107,133,1
2458009,Kavli Institute of Nanoscience,1,0,1,0.00027753038531236384,37,30
19553124,Laboratory of Nano and Quantum Engineering,0,0,0,0.0002093478632240107,134,1
7075936,London Centre for Nanotechnology,2,0,2,0.00047633971005197386,24,144
1178368,MacDiarmid Institute for Advanced Materials and Nanotechnology,2,2,4,0.0019662044872698525,135,3
9512445,Manufacturing Engineering Centre,0,1,1,0.0002093478632240107,132,134
40007724,Mike & Ophelia Lazaridis Quantum-Nano Centre,1,3,4,0.0007000678277521047,132,134
2567355,Minatec,3,1,4,0.0005268058380158232,132,134
25738645,Nano and Micro Devices Center,0,0,0,0.0002093478632240107,136,1
48530585,Nano/Bio Interface Center,2,5,7,0.00032013242020835606,1,142
30709676,NanoGagliato,0,0,0,0.0002093478632240107,137,1
19148552,NanoHUB,1,1,2,0.0008251073684677657,132,134
25100645,NanoNed,0,1,1,0.0002093478632240107,126,2
11969823,Nanosystems Initiative Munich,0,0,0,0.0002093478632240107,138,1
35827608,Nanotechnology Industries Association,0,1,1,0.0002093478632240107,132,134
25584679,National Center for Nanoscience and Technology,3,0,3,0.0017742139814002575,132,134
40532409,National Graphene Institute,4,1,5,0.0019874938422941454,22,55
19326228,National Institute for Materials Science,5,2,7,0.0007804111090240313,5,43
3602968,National Institute for Nanotechnology,1,0,1,0.00022418074360334197,9,62
1032221,National Nanotechnology Initiative,13,0,13,0.004581748657708443,1,142
28418999,NBI Knowledgebase,2,0,2,0.0004669624442898771,1,142
11241476,Project on Emerging Nanotechnologies,6,1,7,0.0010971149125861485,1,142
30957475,Russell Berrie Nanotechnology Institute,2,5,7,0.0002707400556420137,1,142
20047082,Science Policy Research Unit,0,0,0,0.0002093478632240107,139,1
54963902,Sri Lanka Institute of Nanotechnology,0,1,1,0.0002093478632240107,22,55
54007125,Sydney Nanoscience Hub,2,0,2,0.0003534459166911666,5,43
554371,Thailand National Nanotechnology Center,0,1,1,0.0002093478632240107,132,134
30865837,University of Copenhagen Nano-Science Center,1,0,1,0.00038734242777598623,32,2
25159096,University of Dayton Research Institute,0,0,0,0.0002093478632240107,140,1
55900182,University of Sydney Nano Institute,0,2,2,0.0002093478632240107,5,43
19358368,Waterloo Institute for Nanotechnology,2,1,3,0.0005769530623854504,132,134
52728470,Zernike Institute for Advanced Materials,0,0,0,0.0002093478632240107,141,1
60574037,Aligner (semiconductor),0,0,0,0.0002093478632240107,142,1
57311656,Alvéole Lab,2,1,3,0.0009241019699520433,30,52
36051507,Chemistry of photolithography,1,1,2,0.0006771222375755472,12,86
20606961,Computational lithography,3,1,4,0.0011950047154999613,12,86
33897723,Coordinatograph,0,1,1,0.0002093478632240107,12,86
2164976,Dip-pen nanolithography,4,2,6,0.0009252608294437923,12,86
1093768,Electron-beam lithography,9,5,14,0.0015077695106432913,12,86
2154371,Extreme ultraviolet lithography,8,4,12,0.0028452919767830154,12,86
642936,Immersion lithography,2,0,2,0.0008821047499891308,12,86
4432469,Interference lithography,2,1,3,0.0007311894962958264,12,86
42347710,Laser printing of single nanoparticles,0,0,0,0.0002093478632240107,143,1
4210737,LIGA,2,4,6,0.0010135712386811532,24,144
23475732,Local oxidation nanolithography,1,3,4,0.00023024381916375314,12,86
6591389,Mask shop,0,2,2,0.0002093478632240107,12,86
1903362,Maskless lithography,5,5,10,0.0015592628558587695,12,86
64559901,Micralign,0,0,0,0.0002093478632240107,144,1
7057811,Microcontact printing,2,4,6,0.0006328231137085192,12,86
11268558,Microlithography,0,0,0,0.0002093478632240107,145,1
4719126,Micropatterning,1,1,2,0.0002904448907585278,30,52
17181411,Multilayer soft lithography,1,1,2,0.000498242654214176,12,86
22124835,Multiphoton lithography,1,2,3,0.00038734242777598623,30,52
7908943,Multiple patterning,1,2,3,0.00030353710067631157,12,86
30721542,Nanofountain probe,0,2,2,0.0002093478632240107,12,86
2669179,Nanoimprint lithography,5,2,7,0.0005634148875437948,12,86
2104510,Nanolithography,19,10,29,0.0024099454416281058,12,86
42413466,Nanosphere lithography,1,4,5,0.00024529195645756736,12,86
2154436,Next-generation lithography,1,3,4,0.00041433037563759414,12,86
24834390,Off-axis illumination,0,0,0,0.0002093478632240107,146,1
3263872,Optical proximity correction,2,2,4,0.0018318872956591408,12,86
12816331,PDMS stamp,3,1,4,0.0008108176782604948,12,86
2945076,Phase-shift mask,3,0,3,0.0016879740690105452,12,86
15509033,Photoacid,0,0,0,0.0002093478632240107,147,1
23748,Photolithography,22,9,31,0.0049490814438315585,12,86
642903,Photomask,3,1,4,0.0009688388911006094,12,86
23781,Photoresist,5,0,5,0.0008389734832119334,12,86
19953006,Plasmonic nanolithography,2,14,16,0.0005915686081941238,12,86
25609547,Proton beam writing,0,0,0,0.0002093478632240107,148,1
12146473,Proximity effect (electron beam lithography),1,0,1,0.00046587146943913505,12,86
14979971,Quantum lithography,0,0,0,0.0002093478632240107,149,1
1689314,Soft lithography,5,4,9,0.0013583518624039196,12,86
49040767,Spacer patterning,0,0,0,0.0002093478632240107,150,1
20151587,Stencil lithography,0,0,0,0.0002093478632240107,151,1
2284519,Stepper,2,3,5,0.00047228802887742743,12,86
44426201,Virtual metrology,1,1,2,0.0008933486036915219,24,144
26418605,X-ray lithography,8,3,11,0.002166875672682924,12,86
36605,Molecular electronics,12,7,19,0.0020263643102552565,9,62
20695220,AMOLED,5,1,6,0.0025732262118397173,70,30
37628061,Guillermo Bazan,0,2,2,0.0002093478632240107,66,17
3946504,Break junction,1,0,1,0.00021140853412468852,1,142
1169436,Charge-transfer complex,6,2,8,0.001232319249106979,24,144
732746,Conductive polymer,7,6,13,0.0010976229514524315,9,62
2349940,Cyclooctatetraene,0,0,0,0.0002093478632240107,152,1
3574347,Endohedral hydrogen fullerene,1,0,1,0.00021140853412468852,1,142
1194789,Flexible organic light-emitting diode,3,1,4,0.00174312101449922,70,30
3235923,Fluorene,0,0,0,0.0002093478632240107,153,1
18814341,Frit compression,0,2,2,0.0002093478632240107,132,134
1408225,James Gimzewski,3,2,5,0.0005320065826739972,1,142
1183272,Alan J. Heeger,5,1,6,0.0009230918892421116,1,142
18675609,Light-emitting electrochemical cell,0,0,0,0.0002093478632240107,154,1
6459229,John McGinness,1,0,1,0.0004117710523497899,9,62
16015428,Molecular conductance,2,0,2,0.00047040846253041627,9,62
4830276,Molecular logic gate,1,0,1,0.00023192770515633867,180,108
2331095,Molecular memory,0,0,0,0.0002093478632240107,155,1
25444252,Molecular processor,0,4,4,0.0002093478632240107,9,62
13052519,Naphthalocyanine,2,0,2,0.000573652352039263,22,55
26225095,NOMFET,0,1,1,0.0002093478632240107,70,30
191646,OLED,22,6,28,0.009807438273670832,70,30
1601998,Organic field-effect transistor,6,1,7,0.001044739021252381,70,30
27264213,Organic light-emitting transistor,0,1,1,0.0002093478632240107,70,30
1104369,Organic semiconductor,8,7,15,0.0016661768281912882,9,62
2741241,Phosphorescent organic light-emitting diode,2,1,3,0.003082315686899631,70,30
4457582,Photochemical logic gate,0,0,0,0.0002093478632240107,156,1
28413819,Poly(p-phenylene oxide),0,0,0,0.0002093478632240107,157,1
733259,Polyphenylene sulfide,0,0,0,0.0002093478632240107,158,1
733062,Poly(p-phenylene vinylene),2,0,2,0.0006111375379407222,9,62
733183,Polyacetylene,1,1,2,0.00029834514549999843,24,144
733241,Polyaniline,1,1,2,0.00038734242777598623,9,62
733208,Polypyrrole,0,1,1,0.0002093478632240107,9,62
733204,Polythiophene,2,5,7,0.0004391796660380035,9,62
52253271,Richard S. Potember,0,1,1,0.0002093478632240107,9,62
36603,Rotaxane,1,4,5,0.00034243310674145645,180,108
18695732,Molecular-scale electronics,0,12,12,0.0002093478632240107,9,62
2408819,Supramolecular electronics,1,0,1,0.00022418074360334197,9,62
7454236,Tetrathiafulvalene,1,0,1,0.0005075151942164498,180,108
6787565,Unimolecular rectifier,2,1,3,0.0006890641494909095,9,62
59814243,Molecular demon,0,3,3,0.0002093478632240107,5,43
2765047,Molecular motor,5,10,15,0.0008129941211430143,5,43
13280509,Molecular propeller,2,3,5,0.0008496478405841232,5,43
9414430,Molecular sensor,0,4,4,0.0002093478632240107,180,108
12124272,Molecular shuttle,0,0,0,0.0002093478632240107,160,1
12138221,Molecular switch,0,0,0,0.0002093478632240107,161,1
2635128,Molecular tweezers,5,3,8,0.001643370204484823,180,108
3017886,Motor protein,4,3,7,0.0005024083733670475,5,43
28604428,Nano guitar,1,0,1,0.0004614771521320914,30,52
8327305,Nanoelectronics,15,8,23,0.0021960780533942827,1,142
32743838,Atomic-terrace low-angle shadowing,0,3,3,0.0002093478632240107,24,144
56791124,Ballistic collection transistor,0,1,1,0.0002093478632240107,162,2
3345023,Ballistic conduction,4,0,4,0.0012642319659623878,30,52
31313402,Ballistic conduction in single-walled carbon nanotubes,0,2,2,0.0002093478632240107,30,52
1216282,Ballistic deflection transistor,1,0,1,0.00038734242777598623,162,2
44592416,Band-gap engineering,0,1,1,0.0002093478632240107,24,144
35955101,Bloch–Grüneisen law,0,0,0,0.0002093478632240107,163,1
25379184,Carbon nanotube nanomotor,1,6,7,0.000511820112882726,5,43
17279558,Carbon nanotubes in photovoltaics,0,5,5,0.0002093478632240107,66,17
2092835,Comb drive,0,0,0,0.0002093478632240107,164,1
3873342,Conductance quantum,3,4,7,0.0008791509429398451,30,52
2133700,Coulomb blockade,9,4,13,0.0012617873078606303,37,30
8559342,Deal–Grove model,1,0,1,0.000591452019018927,24,144
14069368,Deep-sub-voltage nanoelectronics,0,0,0,0.0002093478632240107,166,1
33636267,Feedback-controlled electromigration,0,0,0,0.0002093478632240107,167,1
4597716,Fermi point,0,2,2,0.0002093478632240107,8,51
37821607,Field-induced polymer electroluminescent technology,0,2,2,0.0002093478632240107,9,62
64017065,Geometric diode,0,4,4,0.0002093478632240107,30,52
38749092,Graphene antenna,1,4,5,0.00038832116586901715,201,58
6411538,Hydrogen sensor,1,1,2,0.0003653128918537593,201,58
23181940,Ignition Park,0,0,0,0.0002093478632240107,168,1
58030745,Ionic Coulomb blockade,0,3,3,0.0002093478632240107,37,30
45478390,Junctionless nanowire transistor,0,0,0,0.0002093478632240107,169,1
35176246,Landauer formula,2,1,3,0.0006870799133864784,30,52
18567260,Lateral quantum dot,0,1,1,0.0002093478632240107,24,144
31804992,Luminescent solar concentrator,1,0,1,0.0005356060549926581,24,144
16783683,Magnetic nanoring,0,1,1,0.0002093478632240107,8,51
39179456,Magnetic spin vortex disc,0,1,1,0.0002093478632240107,24,144
7389351,MEMS electrothermal actuator,0,0,0,0.0002093478632240107,170,1
13818990,Molecular wire,0,1,1,0.0002093478632240107,37,30
8674917,Nanobatteries,1,7,8,0.00046490177338919924,1,142
10214429,Nanocircuitry,1,5,6,0.0002746023779766492,12,86
6241959,Nanocomputer,3,2,5,0.0003158615400012181,171,11
2740204,Nanoelectrochemistry,0,1,1,0.0002093478632240107,22,55
44390248,Nanoelectromechanical relay,5,0,5,0.0018151205905360091,1,142
908385,Nanoelectromechanical systems,15,4,19,0.0029869469524176173,1,142
50224430,Nanoelectromechanical systems mass spectrometer,1,1,2,0.0008445122682525675,1,142
39313159,Nanofluids in solar collectors,1,1,2,0.00220611033409801,24,144
30057479,Nanogenerator,1,8,9,0.0009111147717843825,132,134
5145367,Nanoionics,1,0,1,0.0004428364305638353,1,142
50250122,Nanomechanical resonator,0,1,1,0.0002093478632240107,22,55
1390297,Nanomotor,5,9,14,0.0009687621381480774,5,43
4550348,Nanophotonics,11,4,15,0.0011241568067723042,201,58
41726381,Nanoprobing,0,1,1,0.0002093478632240107,12,86
15995191,Nanoradio,0,1,1,0.0002093478632240107,132,134
33177993,Nanoscale plasmonic motor,0,4,4,0.0002093478632240107,201,58
52206,Nanowire,7,8,15,0.0008521313296962439,30,52
15439559,Nanowire battery,3,2,5,0.0005135101130722703,30,52
55605352,Nanowire laser,0,1,1,0.0002093478632240107,30,52
4294270,Niemeyer–Dolan technique,4,0,4,0.0009041284994743672,37,30
45019735,Niobium nanowire,0,0,0,0.0002093478632240107,172,1
44856539,Non linear piezoelectric effects in polar semiconductors,1,1,2,0.0004674545780849506,30,52
23079699,Optical modulators using semiconductor nano-structures,0,0,0,0.0002093478632240107,173,1
12755108,Patterning by etching at the nanoscale,0,1,1,0.0002093478632240107,12,86
34516380,Piezotronics,1,2,3,0.0006068721067321529,30,52
1519181,Polaritonics,0,2,2,0.0002093478632240107,8,51
4898962,Quantum point contact,4,2,6,0.0006838296389693405,30,52
44379249,Ruselectronics,0,0,0,0.0002093478632240107,174,1
747290,Silicon on insulator,3,1,4,0.0014494973757294641,24,144
56256205,Single-electron transistor,0,1,1,0.0002093478632240107,37,30
18952779,Spaser,1,1,2,0.00038734242777598623,201,58
21534694,Spinmechatronics,1,7,8,0.0005577730317781646,8,51
8556260,Thermal oxidation,1,1,2,0.0004492436611831595,24,144
39533958,Wearable generator,0,0,0,0.0002093478632240107,175,1
20214363,Western Institute of Nanoelectronics,0,0,0,0.0002093478632240107,176,1
20399858,Zinc oxide nanorod sensor,1,1,2,0.0005200048813965802,201,58
868108,Nanomaterials,32,12,44,0.004389807560341551,24,144
36423257,Aerographite,0,4,4,0.0002093478632240107,22,55
59420823,Ag-Sb2S3,0,2,2,0.0002093478632240107,24,144
2574259,Aggregated diamond nanorod,0,0,0,0.0002093478632240107,177,1
33177867,Bacterial cellulose,0,0,0,0.0002093478632240107,178,1
57976285,Belumosudil,0,0,0,0.0002093478632240107,179,1
53572933,Boron nitride aerogel,0,1,1,0.0002093478632240107,180,108
25279655,Carbide-derived carbon,1,4,5,0.00048082418318578406,132,134
739628,Carbon nanofoam,2,0,2,0.00046363871289521665,24,144
61878385,Carbon nanohoop,0,0,0,0.0002093478632240107,181,1
5320,Carbon nanotube,33,18,51,0.005744131907934194,132,134
28254396,Chemical bath deposition,1,0,1,0.00038734242777598623,182,2
1525765,Cluster (physics),5,1,6,0.0009129041502416414,24,144
3544145,"Anthracene-9,10-dithiol",0,0,0,0.0002093478632240107,183,1
54186007,Engineering controls for nanomaterials,0,2,2,0.0002093478632240107,24,144
58838548,European Union Observatory for Nanomaterials,0,0,0,0.0002093478632240107,184,1
533793,Ferrofluid,1,2,3,0.0011334952855391344,30,52
48977460,Gallium nitride nanotube,1,0,1,0.00048082418318578406,132,134
39586666,Graphite-like zinc oxide nanostructure,0,0,0,0.0002093478632240107,185,1
53376859,Health and safety hazards of nanomaterials,3,8,11,0.00032428135583303783,1,142
32130816,Hybrid material,0,1,1,0.0002093478632240107,180,108
31264994,Laponite,0,0,0,0.0002093478632240107,186,1
11209942,Lycurgus Cup,2,0,2,0.0006013378545087328,5,43
50698229,Melt blowing,0,0,0,0.0002093478632240107,187,1
49290419,Metallogels,0,1,1,0.0002093478632240107,180,108
60129248,Delia Milliron,0,2,2,0.0002093478632240107,132,134
849843,Nano-RAM,3,1,4,0.0009921199386000758,8,51
5667589,Nanocomposite,5,1,6,0.0005079393644102552,24,144
30511252,Nanocrystal solar cell,6,5,11,0.0007724944053654546,24,144
6966559,Nanocrystalline material,0,3,3,0.0002093478632240107,24,144
197129,Nanocrystalline silicon,3,4,7,0.0008012983380786694,24,144
54980110,Nanofilter Tanzania,0,1,1,0.0002093478632240107,24,144
26720235,Nanofluid,2,1,3,0.0023706033896214265,24,144
6064049,Nanofoam,3,1,4,0.00029662456765706675,24,144
21729741,Nanogel,0,0,0,0.0002093478632240107,188,1
62013142,Nanolattice,1,1,2,0.00026867938474133587,24,144
3275260,Nanomaterial-based catalyst,1,5,6,0.0002585760067693126,24,144
36309229,Nanonet,0,1,1,0.0002093478632240107,201,58
3475308,Nanopillar,3,0,3,0.00029662456765706675,24,144
2840034,Nanopin film,3,0,3,0.00029662456765706675,24,144
6308157,Nanoporous materials,3,0,3,0.0007077310667628395,24,144
1937828,Nanostructure,10,18,28,0.0013561248108836933,24,144
54195920,Nanostructured film,1,4,5,0.00027342720641594155,24,144
40858983,Nanotextured surface,1,11,12,0.00027342720641594155,24,144
4653712,Ormosil,1,1,2,0.00038734242777598623,70,30
28333458,Peptide amphiphile,0,1,1,0.0002093478632240107,12,86
61491450,Perovskite nanocrystal,0,9,9,0.0002093478632240107,24,144
53842069,Petryanov filter,0,0,0,0.0002093478632240107,189,1
14781912,Polymer nanocomposite,1,2,3,0.00038734242777598623,180,108
63886215,Polymer-protein hybrid,0,0,0,0.0002093478632240107,190,1
3147940,Quantum heterostructure,3,3,6,0.00029662456765706675,24,144
3604712,Sculptured thin film,3,0,3,0.00029662456765706675,24,144
149881,Medical uses of silver,0,1,1,0.0002093478632240107,24,144
23907700,Slocum stone,0,1,1,0.0002093478632240107,51,10
41162315,Stanene,3,0,3,0.0004508325607167384,22,55
62015338,Strasbourg Institute of Material Physics and Chemistry,0,0,0,0.0002093478632240107,191,1
39322872,Superhydrophobic coating,4,3,7,0.0005249267548861516,66,17
40518246,Tube-based nanostructure,0,3,3,0.0002093478632240107,24,144
19905510,Vapor–liquid–solid method,3,0,3,0.0006601627154925981,30,52
62817045,Zinc oxide nanostructure,0,2,2,0.0002093478632240107,30,52
53723703,Antibiotic properties of nanoparticles,1,2,3,0.00038734242777598623,24,144
22444556,Carbon nanotubes in medicine,0,1,1,0.0002093478632240107,132,134
30761035,DNA error,0,0,0,0.0002093478632240107,192,1
49249936,Drug vectorization,0,2,2,0.0002093478632240107,1,142
16090917,European Technology Platform Nanomedicine,1,0,1,0.0004674545780849506,74,3
33661741,Heart nanotechnology,1,1,2,0.0004182373421031454,132,134
58630953,Host cell protein,0,0,0,0.0002093478632240107,193,1
45426846,"Institute of Experimental Medicine, Academy of Sciences of the Czech Republic",0,0,0,0.0002093478632240107,194,1
32808114,Monitoring (medicine),2,1,3,0.0004993343696376625,30,52
65552008,Madaswamy S. Muthu,0,0,0,0.0002093478632240107,195,1
48727130,Nano neuro knitting,0,3,3,0.0002093478632240107,180,108
21880823,Nano-scaffold,1,1,2,0.00026867938474133587,180,108
30676402,Nanoneedle,0,0,0,0.0002093478632240107,196,1
59383794,Nanoparticle drug delivery,0,2,2,0.0002093478632240107,24,144
31726766,Nanoparticle–biomolecule conjugate,2,0,2,0.0006111048232275503,1,142
41086554,Nanoparticles for drug delivery to the brain,0,0,0,0.0002093478632240107,197,1
9497908,Nanotoxicology,10,5,15,0.001806124845424434,1,142
54492223,Radioactive nanoparticle,0,3,3,0.0002093478632240107,30,52
41225392,Synthetic antibody,0,0,0,0.0002093478632240107,198,1
6470547,Targeted drug delivery,1,6,7,0.0002820507340914835,9,62
55008417,Tissue nanotransfection,0,0,0,0.0002093478632240107,199,1
6630855,Transfersome,1,0,1,0.0008251073684677657,132,134
31838482,Drexler–Smalley debate on molecular nanotechnology,1,15,16,0.000558163904967806,1,142
33848849,ISO/TS 80004,3,1,4,0.0008744519388576976,24,144
23680,There's Plenty of Room at the Bottom,20,14,34,0.006140323442993579,1,142
1686926,Why the Future Doesn't Need Us,0,1,1,0.0002093478632240107,1,142
30332230,Optofluidics,0,0,0,0.0002093478632240107,200,1
48629214,Fluidic force microscopy,0,2,2,0.0002093478632240107,22,55
542575,Drude model,3,0,3,0.0007464691207463368,201,58
5081444,Extraordinary optical transmission,2,1,3,0.000394312329241467,201,58
53902845,Graphene plasmonics,2,3,5,0.0004994581944846169,201,58
43451826,Hybrid plasmonic waveguide,2,0,2,0.00045804969719915814,201,58
60376787,International Conference on Surface Plasmon Photonics,0,2,2,0.0002093478632240107,201,58
38931518,Localized surface plasmon,6,4,10,0.00093226816067361,201,58
39832104,Magnetic-plasmonic bifunctional nanoparticles,0,1,1,0.0002093478632240107,201,58
45057474,Metal–insulator–metal diode,0,2,2,0.0002093478632240107,37,30
34072435,Multiple layered plasmonics,0,1,1,0.0002093478632240107,201,58
900733,Plasma oscillation,3,3,6,0.0004953900376038368,201,58
27481335,Plasmaron,0,0,0,0.0002093478632240107,202,1
231630,Plasmon,12,14,26,0.0019244018332382445,201,58
54287671,Plasmon coupling,0,1,1,0.0002093478632240107,201,58
24465628,Plasmonic laser,0,1,1,0.0002093478632240107,201,58
39950774,Plasmonic lens,3,0,3,0.0006286117888272057,201,58
34086984,Plasmonic nanoparticle,0,2,2,0.0002093478632240107,201,58
25451813,Plasmonic solar cell,2,0,2,0.0003691933637407821,201,58
52748480,Plexciton,0,0,0,0.0002093478632240107,203,1
62960782,Heinz Raether,3,3,6,0.0005675199423886518,201,58
11523749,Spinplasmonics,4,3,7,0.0008987025264253696,8,51
63677270,Spoof surface plasmon,1,3,4,0.00035661386346706796,201,58
31671822,Spreeta,0,0,0,0.0002093478632240107,204,1
66182787,Surface magnon polariton,0,1,1,0.0002093478632240107,201,58
14553052,Surface plasmon,4,10,14,0.0008003413388434643,201,58
30868906,Surface plasmon polariton,8,6,14,0.001221991158803443,201,58
47482842,Surface plasmon resonance microscopy,1,1,2,0.00027740961112804547,201,58
3434894,Surface-enhanced Raman spectroscopy,7,1,8,0.0013762595600654063,201,58
46775890,Tip-enhanced Raman spectroscopy,4,3,7,0.005322006703627266,201,58
31601451,Brus equation,0,0,0,0.0002093478632240107,205,1
977983,Charge qubit,1,2,3,0.00029834514549999843,37,30
45669038,Charles Hard Townes Award,0,0,0,0.0002093478632240107,206,1
875676,Colossal magnetoresistance,2,1,3,0.0006365556575719819,8,51
48259617,Josephson junction count,1,1,2,0.00026867938474133587,37,30
26983835,Electrically detected magnetic resonance,0,1,1,0.0002093478632240107,8,51
5260042,Flux qubit,0,1,1,0.0002093478632240107,37,30
5905152,Intersubband polariton,0,0,0,0.0002093478632240107,207,1
10088199,Magnetocapacitance,0,0,0,0.0002093478632240107,208,1
22313894,Molecular beam,1,1,2,0.00029834514549999843,8,51
16750945,Multiple exciton generation,0,1,1,0.0002093478632240107,22,55
3265720,Noise-equivalent flux density,0,0,0,0.0002093478632240107,209,1
21650344,Phase qubit,0,2,2,0.0002093478632240107,37,30
13473221,Quantum bus,0,1,1,0.0002093478632240107,37,30
511547,Quantum dot,19,20,39,0.00282396334464568,24,144
23692678,Quantum dot display,1,5,6,0.0003494246865227671,24,144
7246977,Quantum dot solar cell,4,3,7,0.0005647915838726974,24,144
1162543,Quantum efficiency,2,1,3,0.0006949341520591232,24,144
25268,Quantum electrodynamics,3,3,6,0.003130610167968881,8,51
2850373,Quantum flux parametron,1,2,3,0.0010499481915706079,37,30
50425,Quantum Hall effect,3,4,7,0.0010954633470065408,30,52
3732486,Quantum mirage,1,0,1,0.00026645851078149264,1,142
13495046,Quantum spin Hall effect,2,3,5,0.0017803124866385474,8,51
22981865,Quantum tunnelling composite,0,0,0,0.0002093478632240107,210,1
54076100,The Quantum Vacuum,0,0,0,0.0002093478632240107,211,1
642886,Quantum well,7,5,12,0.002148233335709127,24,144
1327379,Quantum wire,5,5,10,0.0009722851831339174,30,52
22236319,Quantum-confined Stark effect,0,0,0,0.0002093478632240107,212,1
667564,Rapid single flux quantum,4,1,5,0.0009880695429435832,37,30
2623096,Spin valve,4,1,5,0.001254191965840233,8,51
61220,Spintronics,14,9,23,0.003686842028527796,8,51
42266481,Superconducting computing,0,3,3,0.0002093478632240107,37,30
1730328,Superconducting quantum computing,3,4,7,0.0005725873635350786,37,30
24703611,Superconducting tunnel junction,0,4,4,0.0002093478632240107,37,30
35508439,Transmon,1,2,3,0.0003310615573836131,37,30
26964158,Trion (physics),0,0,0,0.0002093478632240107,213,1
12953027,Tunnel junction,1,2,3,0.00029834514549999843,37,30
3624741,Two-dimensional electron gas,2,0,2,0.0004867636339122078,30,52
1511304,Wetting layer,1,1,2,0.0003054648598643161,24,144
734585,Scanning probe microscopy,26,4,30,0.006445694533734523,12,86
31760032,Vibrational analysis with scanning probe microscopy,1,1,2,0.00043336245474740484,22,55
44893854,Infrared Nanospectroscopy (AFM-IR),0,0,0,0.0002093478632240107,214,1
34757567,Atomic force acoustic microscopy,0,1,1,0.0002093478632240107,12,86
227982,Atomic force microscopy,25,12,37,0.004482823553319465,22,55
17526233,Ballistic electron emission microscopy,1,0,1,0.00026867938474133587,22,55
48751238,Campanile probe,0,0,0,0.0002093478632240107,215,1
19855700,Chemical force microscopy,2,0,2,0.0004098107656980274,180,108
24580913,Conductive atomic force microscopy,0,0,0,0.0002093478632240107,216,1
9591272,Counter-scanning,1,2,3,0.0013035406591128168,12,86
57688647,Electrochemical AFM,1,4,5,0.0005270915926863888,22,55
2076540,Electrochemical scanning tunneling microscope,2,0,2,0.0018536243501366312,22,55
6769823,Electrostatic force microscope,1,1,2,0.00025384650436200454,24,144
162400,Force spectroscopy,1,0,1,0.0005270915926863888,22,55
13007684,Friction force microscope,0,1,1,0.0002093478632240107,180,108
2207911,Kelvin probe force microscope,4,1,5,0.0006392215429177615,24,144
2200954,Magnetic force microscope,2,2,4,0.0012120757383159058,22,55
4610407,Magnetic resonance force microscopy,1,0,1,0.0002771159524143453,8,51
63761382,Mochii,0,0,0,0.0002093478632240107,217,1
52973193,Nano-FTIR,1,6,7,0.001580049030945109,22,55
4216002,Near-field scanning optical microscope,9,1,10,0.00300862022947983,22,55
40476464,Non-contact atomic force microscopy,7,3,10,0.0028928492848801146,180,108
31698140,Photoconductive atomic force microscopy,1,4,5,0.0005270915926863888,22,55
50229484,Photon scanning microscopy,0,1,1,0.0002093478632240107,22,55
13553180,Photothermal microspectroscopy,0,0,0,0.0002093478632240107,218,1
27177206,Piezoresponse force microscopy,0,0,0,0.0002093478632240107,219,1
57418849,Probe tip,0,2,2,0.0002093478632240107,24,144
11515113,Scanning capacitance microscopy,0,0,0,0.0002093478632240107,220,1
4399145,Scanning gate microscopy,0,1,1,0.0002093478632240107,132,134
11917122,Scanning Hall probe microscope,0,2,2,0.0002093478632240107,22,55
7079848,Scanning ion-conductance microscopy,0,1,1,0.0002093478632240107,22,55
29427548,Scanning joule expansion microscopy,0,0,0,0.0002093478632240107,221,1
62383372,Scanning quantum dot microscopy,0,4,4,0.0002093478632240107,24,144
20670019,Scanning SQUID microscopy,0,0,0,0.0002093478632240107,222,1
20893805,Scanning thermal microscopy,2,0,2,0.0005121635326587366,132,134
27774,Scanning tunneling microscope,26,3,29,0.005404084907195073,22,55
1959732,Scanning tunneling spectroscopy,1,0,1,0.0002793862748733889,132,134
864090,Scanning voltage microscopy,1,0,1,0.0005270915926863888,22,55
8434642,Spin-polarized scanning tunneling microscopy,0,2,2,0.0002093478632240107,22,55
7200934,Silicon photonics,2,2,4,0.000675750598305159,201,58
50871480,LONGi,0,0,0,0.0002093478632240107,223,1
6424117,Photonic integrated circuit,0,1,1,0.0002093478632240107,24,144
43112814,Silicon Photonics Cloud,0,0,0,0.0002093478632240107,224,1
28184481,Silicon Photonics Link,0,0,0,0.0002093478632240107,225,1
54262313,Pauls Stradiņš Jr,0,0,0,0.0002093478632240107,226,1
1048518,Supramolecular chemistry,15,11,26,0.0038558863978236106,180,108
34655565,Carceplex,0,0,0,0.0002093478632240107,227,1
3972304,Carcerand,0,0,0,0.0002093478632240107,228,1
1225171,Catenane,4,3,7,0.0009154918187015092,180,108
2635392,Cavitand,0,0,0,0.0002093478632240107,229,1
43717327,Circuit topology,4,1,5,0.0034021360669188364,180,108
35610975,Coordination cage,1,1,2,0.0013606668783335653,230,1
1904052,Cryptand,1,2,3,0.00046493890507984633,180,108
4377513,Cryptophane,1,0,1,0.00040709714630250655,180,108
5340351,Crystal engineering,4,8,12,0.0008698101797281752,180,108
1846258,Cucurbituril,0,1,1,0.0002093478632240107,180,108
1335984,Dendrimer,3,4,7,0.0010041224567407735,180,108
2801321,Dynamic covalent chemistry,2,1,3,0.0006469280353892267,180,108
2283222,Endohedral fullerene,1,2,3,0.00029834514549999843,24,144
47393061,Exohedral fullerene,0,2,2,0.0002093478632240107,24,144
2913762,Foldamer,1,2,3,0.00039874428158927244,180,108
10607261,Folding (chemistry),3,0,3,0.0008664754713192996,180,108
3610312,Graphite intercalation compound,1,0,1,0.0005769377329901014,180,108
48908651,Grid complex,0,1,1,0.0002093478632240107,180,108
1697945,Host–guest chemistry,12,1,13,0.002224812185300845,180,108
13609,Hydrogen bond,5,2,7,0.0007151498678288359,180,108
1020643,Hydrophobic effect,4,5,9,0.0006131291147286485,66,17
42600851,Intercalation (biochemistry),2,2,4,0.0011510743995511439,180,108
1697773,Intercalation (chemistry),9,5,14,0.002160450540900776,180,108
14951,Ionic bonding,3,0,3,0.0005540480632245867,180,108
31508894,J-aggregate,1,0,1,0.00023901362398267325,180,108
62899094,Kristi Kiick,0,0,0,0.0002093478632240107,232,1
4048455,Mechanically interlocked molecular architectures,2,6,8,0.0009386576519134411,180,108
317227,Micelle,0,1,1,0.0002093478632240107,233,2
2401526,Molecular Borromean ring,0,1,1,0.0002093478632240107,180,108
44021915,Molecular gyroscope,0,0,0,0.0002093478632240107,234,1
1938226,Molecular imprinting,1,1,2,0.0005075151942164498,180,108
1557358,Molecular knot,2,3,5,0.0006148455214184487,180,108
10115658,Molecular self-assembly,13,9,22,0.002003907762504851,180,108
2485027,Non-covalent interaction,2,3,5,0.0002615934659150012,180,108
13787601,Olympiadane,2,0,2,0.0006020187143546969,180,108
20386802,Pi-interaction,0,0,0,0.0002093478632240107,235,1
1224983,Polycatenane,1,0,1,0.00046893347083725123,180,108
53989605,Polyrotaxane,1,1,2,0.00028215490820550116,24,144
61999316,Pyrogallolarenes,1,4,5,0.00047280914457606643,180,108
42628804,Quasi-crystals (supramolecular),0,2,2,0.0002093478632240107,180,108
3998467,Resorcinarene,1,1,2,0.00030985422146722957,180,108
47454037,Spherical aromaticity,0,0,0,0.0002093478632240107,236,1
3129901,Stacking (chemistry),9,3,12,0.002024769985312584,180,108
48759979,Supermicelle,1,0,1,0.00038734242777598623,233,2
1557401,Supermolecule,1,3,4,0.00038734242777598623,180,108
1846298,Supramolecular assembly,4,5,9,0.0005722967189857112,180,108
41267493,Supramolecular catalysis,0,3,3,0.0002093478632240107,180,108
9176452,Supramolecular polymer,0,6,6,0.0002093478632240107,180,108
30275938,Topology (chemistry),2,1,3,0.003253317452447545,180,108
342851,Bilayer,0,2,2,0.0002093478632240107,12,86
8282634,Carbon film (technology),0,0,0,0.0002093478632240107,237,1
16837442,Chameleon coating,0,0,0,0.0002093478632240107,238,1
37389962,Evaporation suppressing monolayers,1,1,2,0.0003134858369281255,12,86
59616019,Frank–Van der Merwe growth,0,3,3,0.0002093478632240107,24,144
15143957,Layer by layer,3,1,4,0.0005327404390942879,201,58
50850373,Low field magnetoresistance,0,0,0,0.0002093478632240107,239,1
146630,Monolayer,3,4,7,0.000489802234765938,12,86
53663583,Multilayer medium,0,1,1,0.0002093478632240107,8,51
13337084,Nanomesh,3,1,4,0.00029662456765706675,24,144
5490772,Octadecyltrichlorosilane,0,0,0,0.0002093478632240107,240,1
38298878,Perfluorodecyltrichlorosilane,0,2,2,0.0002093478632240107,70,30
13871411,Plasma-immersion ion implantation,0,1,1,0.0002093478632240107,8,51
43450635,Refractive index and extinction coefficient of thin film materials,1,1,2,0.0004492436611831595,24,144
14552970,Stranski–Krastanov growth,5,3,8,0.0012152565560306448,24,144
23971865,Tauc plot,0,0,0,0.0002093478632240107,241,1
18717526,Thin-film drug delivery,0,0,0,0.0002093478632240107,242,1
19236411,Thin-film lithium-ion battery,0,3,3,0.0002093478632240107,24,144
200947,Thin-film memory,0,0,0,0.0002093478632240107,243,1
199410,Thin-film transistor,2,2,4,0.0016378779223375152,70,30
9756583,1 μm process,2,2,4,0.001625896157567328,171,11
9758489,1.5 μm process,2,2,4,0.0018331368694160437,171,11
9758548,3 μm process,2,2,4,0.002236746914654254,171,11
46452867,6 μm process,3,1,4,0.0014627084458254805,171,11
9758579,10 µm process,0,1,1,0.0002093478632240107,171,11
8214741,130 nm process,3,2,5,0.001144881929091627,12,86
9080562,250 nm process,2,2,4,0.001325416578361568,171,11
9769974,350 nm process,2,2,4,0.0013694288076204514,171,11
9769950,600 nm process,2,2,4,0.0014271520956666774,171,11
9756482,800 nm process,2,2,4,0.001492520449054156,171,11
6769438,Advanced Materials,12,2,14,0.0042035574996609594,66,17
64294715,Applied Nanoscience,0,1,1,0.0002093478632240107,132,134
30832988,Fluorescence intermittency,1,1,2,0.00022912503706311907,24,144
37488173,International Journal of Nanomedicine,2,1,3,0.00035767666701732356,1,142
25682462,International Journal of Nanoscience,0,1,1,0.0002093478632240107,132,134
1835541,Ion-beam–assisted deposition,0,3,3,0.0002093478632240107,24,144
1592850,Ion beam deposition,2,2,4,0.0008646806196631099,24,144
36591242,Journal of Biomedical Nanotechnology,1,1,2,0.00025384650436200454,1,142
23885934,Journal of Nanoparticle Research,1,1,2,0.00044314989794034946,132,134
22132096,Laser ablation synthesis in solution,0,0,0,0.0002093478632240107,244,1
6828242,Molecular computational identification,0,1,1,0.0002093478632240107,132,134
47222588,Molecular vapor deposition,1,0,1,0.0002987653254820841,24,144
25591082,Nano (journal),0,1,1,0.0002093478632240107,132,134
32249963,Nano Research,0,1,1,0.0002093478632240107,132,134
22074782,Nano Today,0,0,0,0.0002093478632240107,245,1
63526245,Nano-Structures & Nano-Objects,0,1,1,0.0002093478632240107,132,134
57223553,Nanomaterials (journal),0,0,0,0.0002093478632240107,246,1
65574905,Nanophotonics (journal),0,1,1,0.0002093478632240107,132,134
38648693,Nanoscale (journal),5,0,5,0.0007721896568595571,70,30
32250099,Nanoscale Research Letters,0,1,1,0.0002093478632240107,132,134
32249901,Nanotechnology (journal),6,1,7,0.001074366316611265,1,142
43173338,Nanotechnology Law & Business,1,1,2,0.0006018094487919932,1,142
22730057,Nanotoxicology (journal),0,2,2,0.0002093478632240107,132,134
38977332,Nanotransfer printing,0,1,1,0.0002093478632240107,12,86
19581511,Peptization,0,0,0,0.0002093478632240107,248,1
59634425,Phenine nanotube,0,0,0,0.0002093478632240107,249,1
32031460,"Proceedings of the Institution of Mechanical Engineers, Part N",0,1,1,0.0002093478632240107,132,134
31462586,Rational design,2,1,3,0.0006891573902345837,9,62
19112023,Small (journal),4,3,7,0.0035729175435974606,66,17
3971333,Space Nanotechnology Laboratory,1,1,2,0.0013606668783335653,42,2
1225188,Topoisomer,1,2,3,0.0006404903209210021,180,108
48677845,2D silica,1,0,1,0.0002581673684908108,22,55
38554590,James R. Von Ehr II,2,2,4,0.001387519359941445,1,142
4614165,Luca Cardelli,1,0,1,0.00023619772833992055,9,62
33817092,Anne Condon,2,1,3,0.0003828250077672523,9,62
45519035,Robert Dirks,1,5,6,0.00023619772833992055,9,62
53360896,Nataša Jonoska,0,3,3,0.0002093478632240107,9,62
34852473,Lila Kari,1,1,2,0.00023619772833992055,9,62
35081596,Thomas LaBean,0,1,1,0.0002093478632240107,9,62
48660355,Laura Landweber,1,1,2,0.00023619772833992055,9,62
35044277,Niles Pierce,3,0,3,0.0005042035333984715,9,62
10804313,John Reif,0,2,2,0.0002093478632240107,9,62
4465281,Paul W. K. Rothemund,3,5,8,0.00043988025064721747,9,62
41443948,Georg Seelig,0,2,2,0.0002093478632240107,9,62
27599412,Nadrian Seeman,8,6,14,0.0014760305125092804,9,62
35249855,Friedrich Simmel,1,1,2,0.00023619772833992055,9,62
22841204,Andrew Turberfield,2,1,3,0.00046403698064149056,9,62
27081915,Erik Winfree,5,4,9,0.0006895693603411338,9,62
53844684,Bernard Yurke,2,0,2,0.00046403698064149056,9,62
6225845,Paul McEuen,2,2,4,0.0003829006798562998,132,134
42754865,Teri W. Odom,1,6,7,0.0010019813380919525,132,134
53930029,Nicola Pugno,0,0,0,0.0002093478632240107,250,1
56462617,Christian Schönenberger,0,1,1,0.0002093478632240107,37,30
2086384,Paul Alivisatos,8,4,12,0.0007673764651177954,9,62
61766819,Vartkess Ara Apkarian,2,1,3,0.0029035196894135243,201,58
7879361,Harry Atwater,2,4,6,0.0005780247172117404,201,58
19413327,Tom Baehr-Jones,0,1,1,0.0002093478632240107,201,58
53935928,Moungi Bawendi,3,1,4,0.0005964338286088158,24,144
7923735,Angela Belcher,2,0,2,0.0002906468495558985,9,62
56275958,Bharat Bhushan (academic),0,0,0,0.0002093478632240107,251,1
3990353,David Britz,0,0,0,0.0002093478632240107,252,1
2257165,Markus J. Buehler,2,2,4,0.0015245345739459304,132,134
33433849,Ahmed Busnaina,1,2,3,0.0005498966663905664,132,134
16738797,David Carroll (physicist),1,3,4,0.00029834514549999843,9,62
59273492,Gang Chen (engineer),1,1,2,0.00023901362398267325,132,134
55138659,Baratunde A. Cola,0,1,1,0.0002093478632240107,253,2
62783536,Yi Cui (scientist),0,6,6,0.0002093478632240107,132,134
8953559,Hongjie Dai,4,1,5,0.0005016794391289059,132,134
64432193,Theda Daniels-Race,0,1,1,0.0002093478632240107,1,142
11770703,Tejal A. Desai,0,1,1,0.0002093478632240107,24,144
62684129,Jennifer Dionne,1,2,3,0.00033223644303088267,201,58
1229889,Mildred Dresselhaus,1,5,6,0.00040133257697061604,22,55
16769,K. Eric Drexler,17,11,28,0.005008151915085498,1,142
19658140,F. J. Duarte,1,1,2,0.0005386865048098437,70,30
34607443,Don Eigler,3,4,7,0.0005128592740046389,1,142
8203821,Nader Engheta,1,0,1,0.00026867938474133587,24,144
56190574,Donglei Fan,0,1,1,0.0002093478632240107,12,86
61346315,Shanhui Fan,1,0,1,0.00023901362398267325,132,134
25523,Richard Feynman,27,7,34,0.008220968740581897,1,142
28000175,Timothy S. Fisher,1,0,1,0.00038734242777598623,253,2
25795,Robert Freitas,10,1,11,0.0023017289727346197,1,142
38299391,Jene Golovchenko,0,0,0,0.0002093478632240107,254,1
743373,Naomi Halas,2,6,8,0.00044179154899196406,201,58
1349223,J. Storrs Hall,2,1,3,0.00041079221384466576,1,142
30742002,Mark Hersam,1,5,6,0.0003215959245794304,1,142
61064243,Jennifer Hollingsworth,0,0,0,0.0002093478632240107,255,1
52114869,Andres Jaramillo-Botero,0,1,1,0.0002093478632240107,132,134
52278068,Cherie Kagan,0,1,1,0.0002093478632240107,24,144
30898508,Richard Kaner,0,1,1,0.0002093478632240107,132,134
61291173,Raoul Kopelman,0,2,2,0.0002093478632240107,201,58
25984,Ray Kurzweil,5,0,5,0.0009200336044565102,1,142
5890897,Charles M. Lieber,5,9,14,0.0005193055137641848,132,134
41462196,Patrick Lincoln,0,1,1,0.0002093478632240107,132,134
13293886,ShaChelle Devlin Manning,0,1,1,0.0002093478632240107,1,142
52102799,G. A. Mansoori,0,0,0,0.0002093478632240107,256,1
207581,Wil McCarthy,2,2,4,0.0010411567443226815,132,134
18302370,Paul McIntyre (scientist),0,0,0,0.0002093478632240107,257,1
10986677,William McLellan (American electrical engineer),1,3,4,0.000582449142782311,1,142
25849,Ralph Merkle,9,4,13,0.0032423945420197134,1,142
49122302,David A. B. Miller,0,0,0,0.0002093478632240107,258,1
4051097,Ramez Naam,1,1,2,0.0004674545780849506,1,142
28880481,Christine Peterson,2,1,3,0.0008057436624167808,1,142
58996315,Eric Pop,0,1,1,0.0002093478632240107,132,134
42397277,Matthew Putman (scientist),1,0,1,0.00029834514549999843,132,134
2317496,Calvin Quate,3,1,4,0.001186189480686969,22,55
7127290,Mark Reed (physicist),3,2,5,0.0005905025810872583,9,62
60664791,Sandra J. Rosenthal,0,2,2,0.0002093478632240107,24,144
44215176,Michael J. Sailor,1,2,3,0.00026867938474133587,1,142
45488949,Aliasger K. Salem,0,0,0,0.0002093478632240107,259,1
15660489,Vladimir Shalaev,1,2,3,0.00026867938474133587,24,144
25814,Richard Smalley,16,2,18,0.004427715025329252,1,142
64205297,Rhonda Stroud,0,1,1,0.0002093478632240107,1,142
1791478,James Tour,5,2,7,0.0012227908955557438,5,43
24667551,Greg Tseng,0,0,0,0.0002093478632240107,260,1
63434796,Thomas J. Webster,0,2,2,0.0002093478632240107,1,142
1806592,Paul Weiss (nanoscientist),1,3,4,0.0020358112112810224,132,134
59576318,Joyce Wong,1,1,2,0.00046301446629291496,180,108
48521693,Jackie Yi-Ru Ying,0,2,2,0.0002093478632240107,180,108
57738472,Michael Fuhrer,0,2,2,0.0002093478632240107,132,134
46265614,Yuri Kivshar,1,0,1,0.00026867938474133587,24,144
50272406,Max Lu,0,0,0,0.0002093478632240107,261,1
37890988,Michelle Simmons,1,1,2,0.000271060082524494,132,134
54801476,Jeremy Baumberg,0,3,3,0.0002093478632240107,201,58
26020269,Hagan Bayley,1,2,3,0.0007406237744025581,37,30
46739606,Shareen Doak,0,1,1,0.0002093478632240107,1,142
17054160,Andre Geim,7,2,9,0.0018489277125022948,22,55
55546291,Nicole Grobert,0,2,2,0.0002093478632240107,1,142
14467,Harry Kroto,8,1,9,0.0021999490054813724,1,142
58090979,Andrew D. Maynard,0,1,1,0.0002093478632240107,1,142
28848171,Konstantin Novoselov,7,4,11,0.0035620171407871894,22,55
58610744,Rachel Oliver (materials scientist),0,0,0,0.0002093478632240107,262,1
62860232,Zoe Pikramenou,0,1,1,0.0002093478632240107,180,108
23544633,Gordon Wallace (nanotechnologist),0,0,0,0.0002093478632240107,263,1
1387414,Mark Welland,2,3,5,0.00045664300777442147,12,86
54589443,Anatoly Zayats,0,1,1,0.0002093478632240107,24,144
53837245,Jillian Buriak,1,3,4,0.0007868291566915137,132,134
34844061,Bai Chunli,0,3,3,0.0002093478632240107,22,55
61471676,Hai-Quan Mao,0,0,0,0.0002093478632240107,264,1
49874045,Yue Qi,1,1,2,0.000271060082524494,1,142
62443536,Zhang Jin (physical chemist),0,1,1,0.0002093478632240107,132,134
14705768,Cees Dekker,2,4,6,0.00032075326269622194,37,30
46963481,René Janssen,0,0,0,0.0002093478632240107,265,1
63448504,Laurent Levy,1,2,3,0.0006068721067321529,74,3
3302373,Jean-Pierre Sauvage,5,3,8,0.0015204076027284202,180,108
3025147,Harald Fuchs,0,1,1,0.0002093478632240107,127,2
57472188,Andreas J. Heinrich,4,4,8,0.0009674880431181543,1,142
41170494,Ulrich Mescheder,0,0,0,0.0002093478632240107,266,1
52277736,Wolfgang Parak,0,1,1,0.0002093478632240107,24,144
58845421,Heike Riel,0,1,1,0.0002093478632240107,70,30
53718179,Maria Flytzani-Stephanopoulos,0,0,0,0.0002093478632240107,267,1
20887787,Nicholas A. Peppas,0,0,0,0.0002093478632240107,268,1
55918423,Michael Tsapatsis,0,1,1,0.0002093478632240107,180,108
57195724,Dionisios Vlachos,0,0,0,0.0002093478632240107,269,1
1111018,Pulickel Ajayan,0,2,2,0.0002093478632240107,132,134
24320723,Sangeeta Bhatia,0,2,2,0.0002093478632240107,30,52
59692305,Pritam Deb,0,0,0,0.0002093478632240107,270,1
18189118,Anita Goel,0,1,1,0.0002093478632240107,132,134
41222225,Lakshmi Kantam,0,1,1,0.0002093478632240107,24,144
25011382,Shashi P. Karna,0,0,0,0.0002093478632240107,271,1
40361717,Sulabha K. Kulkarni,0,1,1,0.0002093478632240107,132,134
56144908,Owais Mohammad,0,3,3,0.0002093478632240107,1,142
52240290,Jiban Jyoti Panda,0,0,0,0.0002093478632240107,272,1
15959692,Thalappil Pradeep,0,1,1,0.0002093478632240107,201,58
56358685,Ashok M. Raichur,0,1,1,0.0002093478632240107,1,142
52451048,Srinivasan Sampath,0,1,1,0.0002093478632240107,24,144
26064726,Milan K. Sanyal,0,0,0,0.0002093478632240107,273,1
52430382,Murali Sastry,0,3,3,0.0002093478632240107,24,144
46637978,Prasenjit Sen,0,0,0,0.0002093478632240107,274,1
41397540,Ashutosh Sharma (chemical engineer),0,2,2,0.0002093478632240107,12,86
44145368,Ajay K. Sood,0,2,2,0.0002093478632240107,22,55
57058563,Vijay Kumar Thakur,0,0,0,0.0002093478632240107,275,1
52432017,K. George Thomas,0,1,1,0.0002093478632240107,24,144
2540808,Fereydoon Family,0,0,0,0.0002093478632240107,276,1
61895909,Hashem Rafii Tabar,0,0,0,0.0002093478632240107,277,1
62357093,Uri Banin,1,4,5,0.00032944198178085267,132,134
18297987,Ehud Gazit,0,2,2,0.0002093478632240107,132,134
65435579,Eran Rabani,0,2,2,0.0002093478632240107,132,134
63915831,Ester H. Segal,0,3,3,0.0002093478632240107,1,142
63671100,Yoav Shechtman,1,4,5,0.0002658593613633026,132,134
3047172,Reshef Tenne,1,0,1,0.00038734242777598623,67,2
36581992,Andrea Alù,0,3,3,0.0002093478632240107,24,144
57993626,Cinzia Casiraghi,0,3,3,0.0002093478632240107,22,55
60416516,Valeria Nicolosi,0,0,0,0.0002093478632240107,278,1
42938399,Paolo Samorì,0,4,4,0.0002093478632240107,66,17
22061150,Takuzo Aida,1,9,10,0.00023901362398267325,180,108
8784032,Isamu Akasaki,0,0,0,0.0002093478632240107,279,1
47090776,Hideyuki Arata,0,2,2,0.0002093478632240107,30,52
18093224,Morinobu Endo,1,2,3,0.00048082418318578406,24,144
217832,Leo Esaki,3,1,4,0.0027880266446662647,24,144
19322100,Mitsutaka Fujita,2,2,4,0.0003540996019651363,5,43
710106,Sumio Iijima,9,1,10,0.001714197558452852,132,134
19713200,Hiromichi Kataura,0,1,1,0.0002093478632240107,132,134
18823024,Satoshi Kawata,0,0,0,0.0002093478632240107,280,1
45299410,Hideo Ohno,1,0,1,0.001215887173583595,8,51
25008399,Katsunori Wakabayashi,1,4,5,0.00035988555362422334,5,43
28463315,Naoki Yokoyama,0,0,0,0.0002093478632240107,282,1
47474151,Richard Blaikie,1,1,2,0.0010578980738654225,135,3
42928589,Nicola Gaston,1,1,2,0.0010578980738654225,135,3
27846134,Alexey Ekimov,1,1,2,0.00032944198178085267,8,51
51229263,Leonid Keldysh,1,0,1,0.00022418074360334197,9,62
44903844,Maria Tchernycheva,0,0,0,0.0002093478632240107,283,1
32692400,Claes-Göran Granqvist,1,2,3,0.0005097841787292678,284,4
62194286,Peter Nordlander,0,1,1,0.0002093478632240107,201,58
64227074,Hatice Altug,0,3,3,0.0002093478632240107,201,58
23078417,Hilmi Volkan Demir,0,1,1,0.0002093478632240107,132,134
6690886,Ekmel Özbay,0,0,0,0.0002093478632240107,285,1
11963281,Rusnano,2,3,5,0.0018111085170702938,1,142
44240443,Avengers: Infinity War,0,2,2,0.0002093478632240107,82,7
41677925,Black Panther (film),3,0,3,0.0005663115740846665,82,7
13154268,Dante 01,0,0,0,0.0002093478632240107,286,1
14733483,The Day the Earth Stood Still (2008 film),2,1,3,0.00033619321423205065,1,142
22144990,Iron Man 3,3,2,5,0.0018301534390803174,82,7
948337,The Manchurian Candidate (2004 film),0,0,0,0.0002093478632240107,287,1
225615,Terminator 3: Rise of the Machines,0,2,2,0.0002093478632240107,1,142
39306741,Transcendence (2014 film),2,1,3,0.00033619321423205065,82,7
56133,Battle Angel Alita,2,0,2,0.0005653369923279616,83,3
896330,Chasm City,2,0,2,0.0004242159147513335,1,142
17788656,Crysis Warhead,3,2,5,0.00219682474781918,89,7
8484,Deus Ex (video game),4,1,5,0.0005141877787840261,132,134
360793,Deus Ex: Invisible War,0,2,2,0.0002093478632240107,132,134
26188309,Generator Rex,2,1,3,0.00033619321423205065,1,142
379018,Metal Gear,2,1,3,0.00038734242777598623,89,7
28271178,Benderama,0,0,0,0.0002093478632240107,288,1
27994180,A Clockwork Origin,0,0,0,0.0002093478632240107,289,1
7424498,Ghost Machine (Torchwood),0,0,0,0.0002093478632240107,290,1
8622538,Inside Man (Star Trek: Voyager),0,0,0,0.0002093478632240107,291,1
52243241,Invasion! (Arrowverse),0,0,0,0.0002093478632240107,292,1
12449703,Mortal Coil (Star Trek: Voyager),0,0,0,0.0002093478632240107,293,1
3470558,Parasites Lost,0,0,0,0.0002093478632240107,294,1
8457013,Retrospect (Star Trek: Voyager),0,0,0,0.0002093478632240107,295,1
53694621,Smile (Doctor Who),0,0,0,0.0002093478632240107,296,1
1711298,Center for Functional Nanomaterials,0,1,1,0.0002093478632240107,12,86
707340,Center for Nanophase Materials Sciences,0,0,0,0.0002093478632240107,297,1
707088,Center for Nanoscale Materials,0,0,0,0.0002093478632240107,298,1
707137,Molecular Foundry,2,1,3,0.0010001120540603704,132,134
47611603,Egypt Nanotechnology Center,0,3,3,0.0002093478632240107,132,134
6169457,Nile University,2,0,2,0.00043780855573983553,132,134
47598817,"Zewail City of Science, Technology and Innovation",0,0,0,0.0002093478632240107,299,1
65397747,2 nm process,1,1,2,0.00043887770126382414,12,86
60525279,3 nm process,2,3,5,0.0008091807146472967,12,86
31882635,5 nm process,2,2,4,0.000533066938716125,12,86
31907313,7 nm process,2,6,8,0.0006642122314378413,12,86
16567591,10 nm process,2,2,4,0.0005365841601733491,12,86
8293122,14 nm process,3,3,6,0.0008218733796000451,12,86
7542898,22 nm process,3,3,6,0.0008407730108866004,12,86
3847486,32 nm process,2,2,4,0.0005936596153903199,12,86
30865421,45 nm process,2,4,6,0.0006860067764419345,12,86
1819403,65 nm process,2,2,4,0.000527660026057356,12,86
1063647,90 nm process,3,5,8,0.0010130036836986946,12,86
8214920,180 nm process,2,2,4,0.0012542603626331738,171,11
6265929,Acene,0,5,5,0.0002093478632240107,70,30
9082922,Dielectric elastomers,0,1,1,0.0002093478632240107,132,134
2739699,Metal rubber,0,2,2,0.0002093478632240107,9,62
4383471,Nanofiber seeding,0,0,0,0.0002093478632240107,300,1
14247668,PEDOT-TMA,2,2,4,0.001754809516128623,9,62
2468107,PEDOT:PSS,0,0,0,0.0002093478632240107,301,1
54069386,Photoconductive polymer,0,2,2,0.0002093478632240107,9,62
44854262,PIDA (polymer),0,1,1,0.0002093478632240107,180,108
3234313,"Poly(3,4-ethylenedioxythiophene)",1,2,3,0.0003649098190136481,9,62
24769245,Polyaniline nanofibers,0,1,1,0.0002093478632240107,9,62
733274,Polydiacetylenes,0,0,0,0.0002093478632240107,302,1
17600071,Polydioctylfluorene,0,1,1,0.0002093478632240107,180,108
52220443,Polyisothianaphthene,0,0,0,0.0002093478632240107,303,1
11833672,Polystannane,0,0,0,0.0002093478632240107,304,1
4937777,Polythiazyl,0,1,1,0.0002093478632240107,37,30
5445494,Tritellurium dichloride,0,0,0,0.0002093478632240107,305,1
287668,Anthracene,1,1,2,0.0002449467761344058,70,30
3753827,"9,10-Bis(phenylethynyl)anthracene",2,2,4,0.0005189971951163397,306,5
5518616,"5,12-Bis(phenylethynyl)naphthacene",1,0,1,0.00042999991284035195,306,5
5518588,"1-Chloro-9,10-bis(phenylethynyl)anthracene",1,2,3,0.0003641725291701752,306,5
12106733,"2-Chloro-9,10-bis(phenylethynyl)anthracene",1,2,3,0.0003641725291701752,306,5
1528889,"6,6'-Dibromoindigo",0,0,0,0.0002093478632240107,307,1
13955542,Diindenoperylene,0,1,1,0.0002093478632240107,70,30
3090377,"9,10-Diphenylanthracene",1,0,1,0.00042999991284035195,306,5
4605324,Hexacene,1,0,1,0.0002449467761344058,70,30
50363,Indigo dye,0,0,0,0.0002093478632240107,308,1
66082562,Lutetium phthalocyanine,0,0,0,0.0002093478632240107,309,1
34051196,Organic photorefractive materials,0,2,2,0.0002093478632240107,284,4
3090068,Pentacene,1,3,4,0.0002449467761344058,70,30
29380486,Perfluoropentacene,1,1,2,0.0002787689898769264,70,30
2554990,Perylene,0,0,0,0.0002093478632240107,310,1
44200907,Perylenetetracarboxylic dianhydride,0,2,2,0.0002093478632240107,22,55
33795015,Polysilane,0,0,0,0.0002093478632240107,311,1
1548303,Quinacridone,0,2,2,0.0002093478632240107,22,55
3090294,Rubrene,0,0,0,0.0002093478632240107,312,1
3090561,Tetracene,2,0,2,0.0004532101560931528,70,30
4268863,Tetracyanoquinodimethane,1,0,1,0.00029834514549999843,284,4
64723881,Luisa Torsi,0,1,1,0.0002093478632240107,70,30
16061714,Catastrophin,0,1,1,0.0002093478632240107,5,43
39110947,DCTN6,1,0,1,0.00026867938474133587,5,43
14457042,Dynactin,0,3,3,0.0002093478632240107,5,43
609812,Dynein,4,0,4,0.0006237657306793851,5,43
43076592,"Dynein, axonemal, heavy chain 14",0,0,0,0.0002093478632240107,313,1
8593160,Forisome,0,0,0,0.0002093478632240107,314,1
16045068,Heavy meromyosin,1,0,1,0.00038734242777598623,315,2
31656267,KIF1A,1,0,1,0.0003528926708631892,5,43
15228130,KIF1C,1,0,1,0.0003528926708631892,5,43
16850535,KIF2A,1,0,1,0.0003528926708631892,5,43
16850556,KIF3C,1,0,1,0.0003528926708631892,5,43
14776684,KIF4A,1,1,2,0.0003528926708631892,5,43
14771100,KIF5B,1,0,1,0.0003528926708631892,5,43
15346514,KIF5C,1,0,1,0.0003528926708631892,5,43
14881859,KIF18A,2,0,2,0.0006529965552673192,5,43
609808,Kinesin,10,12,22,0.0020251675330300663,5,43
17623931,Kinesin 8,1,1,2,0.0003528926708631892,5,43
4138132,Kinesin 13,2,0,2,0.0004220380356760957,5,43
13347566,Meromyosin,0,1,1,0.0002093478632240107,315,2
23518576,Motility protein A,0,2,2,0.0002093478632240107,316,4
26460789,Motility protein B,0,2,2,0.0002093478632240107,316,4
26680317,MYO1G,1,0,1,0.00032864455914122904,5,43
11224018,MYO7A,1,0,1,0.00032864455914122904,5,43
479392,Myosin,2,3,5,0.0004208894015228815,5,43
14590163,Myosin light chain,0,0,0,0.0002093478632240107,317,1
2839471,Myosin-7,0,0,0,0.0002093478632240107,318,1
29071827,PomA,3,1,4,0.00251198589344312,316,4
56176182,PomB,3,1,4,0.00251198589344312,316,4
4360492,Telokin,0,0,0,0.0002093478632240107,319,1
19081158,Bio-MEMS,4,10,14,0.000953525397090449,30,52
15399117,Electromechanical modeling,1,0,1,0.0003508494758733176,30,52
46181962,Elise Harmon,0,0,0,0.0002093478632240107,320,1
43997661,InvenSense,0,0,0,0.0002093478632240107,321,1
28281728,Fariborz Maseeh,0,1,1,0.0002093478632240107,30,52
32836952,Microelectromechanical system oscillator,2,0,2,0.00041018099739064274,180,108
19638,MEMS,12,15,27,0.0024951856498318338,30,52
22763312,Micromirror device,1,0,1,0.00034017686886005886,12,86
33688973,Microscanner,1,3,4,0.0004614771521320914,12,86
58296445,Piezoelectric microelectromechanical systems,0,0,0,0.0002093478632240107,322,1
12368347,Radio-frequency microelectromechanical system,0,3,3,0.0002093478632240107,180,108
1183515,Scratch drive actuator,1,0,1,0.0003508494758733176,30,52
669367,Smartdust,7,5,12,0.0007737244336622612,1,142
31591503,Surface acoustic wave sensor,0,0,0,0.0002093478632240107,323,1
49642031,Surface activated bonding,0,0,0,0.0002093478632240107,324,1
57787323,Three-Axis Acceleration Switch,0,0,0,0.0002093478632240107,325,1
22938418,Bacterial nanowires,1,0,1,0.0002999166356098997,30,52
1234517,Nanoparticle,32,17,49,0.00600414501044822,24,144
16422485,Ultrafine particle,4,0,4,0.0009157091581233332,1,142
36845407,3D cell culturing by magnetic levitation,0,0,0,0.0002093478632240107,326,1
54992011,Characterization of nanoparticles,2,11,13,0.0006924536952287869,1,142
44391001,Exploding wire method,0,0,0,0.0002093478632240107,327,1
36771515,Fluorescence intermittency in colloidal nanocrystals,1,0,1,0.00040415843633530367,24,144
40911082,Icosahedral twins,4,3,7,0.0009395062385683397,24,144
47965690,Magnetically assisted slip casting,0,0,0,0.0002093478632240107,328,1
54193704,Magnetoelastic filament,0,0,0,0.0002093478632240107,329,1
24118168,Nano spray dryer,0,1,1,0.0002093478632240107,132,134
3051710,Nano-thermite,1,0,1,0.0008251073684677657,132,134
44466572,Nanocluster,0,2,2,0.0002093478632240107,8,51
45160933,Nanocomposite hydrogels,0,1,1,0.0002093478632240107,24,144
10185698,Nanogeoscience,1,0,1,0.0005097841787292678,24,144
54741842,Nanoparticle deposition,6,4,10,0.004862765589344247,12,86
4366478,Nanoparticle tracking analysis,1,0,1,0.00029834514549999843,132,134
39631094,Self-assembly of nanoparticles,8,6,14,0.0022689332242673025,12,86
39169481,Synthesis of nanoparticles by fungi,0,0,0,0.0002093478632240107,330,1
64044793,Artificial lattice,0,3,3,0.0002093478632240107,1,142
39726926,Nanosheet,3,5,8,0.00038220166253103766,24,144
43589512,Single-layer materials,0,13,13,0.0002093478632240107,22,55
53572964,Boron nitride nanosheet,1,3,4,0.00038734242777598623,180,108
19657494,Dibutyltin oxide,0,0,0,0.0002093478632240107,331,1
39092570,Germanane,0,0,0,0.0002093478632240107,332,1
43794088,Germanene,3,1,4,0.0004508325607167384,22,55
21330156,Graphane,1,0,1,0.00022303975280493185,22,55
911833,Graphene,25,18,43,0.00379053254145913,22,55
49752039,Graphene boron nitride nanohybrid materials,0,1,1,0.0002093478632240107,180,108
34948347,Graphyne,2,1,3,0.0004020130554499383,22,55
64005900,Magnetic 2D materials,0,0,0,0.0002093478632240107,333,1
4436162,Palladium dicyanide,0,0,0,0.0002093478632240107,334,1
55734964,Penta-silicene,0,0,0,0.0002093478632240107,335,1
41017951,Peptoid nanosheet,0,2,2,0.0002093478632240107,12,86
60828455,Plumbene,3,0,3,0.0004508325607167384,22,55
31324594,Silicene,2,7,9,0.0004020130554499383,22,55
46173686,Titanate nanosheet,0,1,1,0.0002093478632240107,180,108
45700548,Two-dimensional semiconductor,0,1,1,0.0002093478632240107,22,55
24434579,"Artificial Cells, Nanomedicine, and Biotechnology",0,0,0,0.0002093478632240107,336,1
32474913,Biofabrication (journal),0,0,0,0.0002093478632240107,337,1
42332421,Biomaterials (journal),0,0,0,0.0002093478632240107,338,1
32474776,Biomedical Materials (journal),1,1,2,0.00029834514549999843,180,108
33095373,Journal of Biomaterials Applications,0,0,0,0.0002093478632240107,339,1
36869911,Journal of Biomedical Materials Research,0,0,0,0.0002093478632240107,340,1
24633672,Journal of Materials Science: Materials in Medicine,0,0,0,0.0002093478632240107,341,1
36602810,Nanomedicine (Elsevier journal),0,4,4,0.0002093478632240107,1,142
46634853,Nanomedicine (Future Medicine journal),0,1,1,0.0002093478632240107,1,142
21707051,ACS Nano,12,1,13,0.0021466773709249826,132,134
43163300,ACS Photonics,4,3,7,0.0008022639624138182,201,58
6808830,Advanced Functional Materials,3,2,5,0.0030445383024213014,66,17
42228214,APL Materials,0,0,0,0.0002093478632240107,342,1
9661075,Applied Physics A,0,0,0,0.0002093478632240107,343,1
59752838,Beilstein Journal of Nanotechnology,0,1,1,0.0002093478632240107,132,134
20980387,Carbon (journal),4,0,4,0.0007882482334555325,22,55
12953321,IEEE Journal of Quantum Electronics,1,0,1,0.0004966830726759988,201,58
31169638,Journal of Cluster Science,0,0,0,0.0002093478632240107,344,1
31156739,Journal of Experimental Nanoscience,0,0,0,0.0002093478632240107,345,1
29696558,Journal of Nanoscience and Nanotechnology,0,1,1,0.0002093478632240107,132,134
15438395,The Journal of Physical Chemistry C,0,2,2,0.0002093478632240107,24,144
24619074,Journal of Sol-Gel Science and Technology,0,0,0,0.0002093478632240107,346,1
7613472,Lab on a Chip (journal),0,2,2,0.0002093478632240107,30,52
21828841,Nano Letters,15,2,17,0.0018639782402590404,132,134
4647936,Nature Nanotechnology,12,1,13,0.0033170783155111435,132,134
61103511,Nature Reviews Materials,0,0,0,0.0002093478632240107,347,1
27937630,Photonics and Nanostructures: Fundamentals and Applications,0,0,0,0.0002093478632240107,348,1
64319867,Plasmonics (journal),1,1,2,0.00027740961112804547,201,58
50876594,Surface Science (journal),1,0,1,0.00037022920211927907,201,58
336994,Engines of Creation,12,6,18,0.0024600822808954165,1,142
34580174,Antisymmetric exchange,0,0,0,0.0002093478632240107,349,1
22802888,Biexciton,1,0,1,0.00022912503706311907,24,144
62319780,Bipolar magnetic semiconductor,0,1,1,0.0002093478632240107,8,51
64366502,Center for Quantum Spintronics,0,3,3,0.0002093478632240107,8,51
7153781,Michael Coey,0,1,1,0.0002093478632240107,8,51
376845,Cooper pair,10,0,10,0.002399380128307139,37,30
55852028,Dresselhaus effect,3,4,7,0.0009030132463875293,8,51
9804,Electric charge,4,0,4,0.0017002649584352324,8,51
9476,Electron,5,7,12,0.0010166681607098325,8,51
43471605,Extraordinary magnetoresistance,1,2,3,0.00044662839720062425,8,51
23355682,Flux pumping,0,1,1,0.0002093478632240107,37,30
49817168,Germanium-vacancy center in diamond,1,0,1,0.00029834514549999843,8,51
1002128,Giant magnetoresistance,10,2,12,0.002237500450426645,8,51
8033091,Half-metal,1,0,1,0.0004011009802336096,8,51
2655717,Heusler compound,1,1,2,0.00022552918727419027,8,51
1667554,Magnetic semiconductor,2,1,3,0.0011834937331443643,8,51
59268121,Magneto-electric spin-orbit,0,0,0,0.0002093478632240107,350,1
44726,Magnetoresistance,3,5,8,0.00139475897248639,8,51
315008,Magnetoresistive RAM,1,6,7,0.00038734242777598623,8,51
14461309,Nitrogen-vacancy center,1,2,3,0.00023143032871998905,132,134
2877265,Stuart Parkin,1,1,2,0.00031405313515270897,8,51
24669,Pauli exclusion principle,10,0,10,0.003748919495866881,8,51
8806722,Planar Hall sensor,0,0,0,0.0002093478632240107,351,1
44596,Positronium,2,1,3,0.0012194257823439295,8,51
5143623,Rabi problem,0,0,0,0.0002093478632240107,352,1
13276879,Racetrack memory,2,4,6,0.0004925612564680466,8,51
33034775,Rashba effect,6,2,8,0.0014171967259402644,8,51
64345806,Rashba–Edelstein effect,1,5,6,0.0008119927506285546,8,51
46753817,Silicon-vacancy center in diamond,0,2,2,0.0002093478632240107,8,51
38097000,Spin canting,0,0,0,0.0002093478632240107,353,1
31781064,Spin engineering,0,11,11,0.0002093478632240107,8,51
51921147,Spin gapless semiconductor,0,0,0,0.0002093478632240107,354,1
5496415,Spin Hall effect,4,1,5,0.001573228192106256,8,51
55287973,Spin Hall magnetoresistance,0,0,0,0.0002093478632240107,355,1
55965344,Spin Nernst Effect,0,0,0,0.0002093478632240107,356,1
2459057,Spin polarization,2,1,3,0.0007357675963301402,8,51
5447381,Spin pumping,3,1,4,0.0008287429228532894,8,51
1534314,Spin transistor,2,0,2,0.0003302344592028886,8,51
1871162,Spin–orbit interaction,6,3,9,0.001718873885341255,8,51
5914496,Spin-transfer torque,5,2,7,0.0035860281314197863,8,51
57687722,Spinterface,0,8,8,0.0002093478632240107,8,51
962171,Stern–Gerlach experiment,3,0,3,0.0006027113219321412,8,51
26884,Superconductivity,9,2,11,0.002194731334826932,37,30
1381368,Superlattice,3,2,5,0.0030056717387597146,24,144
845722,Tunnel magnetoresistance,8,2,10,0.0024987925496125145,8,51
26915887,Voigt–Thomson law,0,0,0,0.0002093478632240107,357,1
43744246,The Machine (computer architecture),0,0,0,0.0002093478632240107,358,1
42937,Photodiode,3,0,3,0.0007478160300137475,9,62
7490319,Silicon photomultiplier,0,0,0,0.0002093478632240107,359,1
1255740,Clathrate compound,4,4,8,0.0017081070155905804,180,108
42242866,Chibaite,0,0,0,0.0002093478632240107,360,1
5069503,Clathrate gun hypothesis,0,1,1,0.0002093478632240107,180,108
2642301,Dianin's compound,1,1,2,0.0005726395788866287,180,108
46304958,Urea extraction crystallization,0,0,0,0.0002093478632240107,0,1
1075926,Crown ether,2,3,5,0.0009018098754644578,180,108
5317576,9-Crown-3,1,1,2,0.00046493890507984633,180,108
15561312,12-Crown-4,0,1,1,0.0002093478632240107,180,108
15561485,15-Crown-5,0,0,0,0.0002093478632240107,3,1
3173552,18-Crown-6,0,1,1,0.0002093478632240107,7,2
57752176,21-Crown-7,0,0,0,0.0002093478632240107,11,1
12829194,Dibenzo-18-crown-6,1,0,1,0.00038734242777598623,7,2
1572944,"1,4-Dioxane",1,1,2,0.0006048464293810024,180,108
25157811,Metallacrown,2,0,2,0.0007631062360722854,180,108
27140749,Dendrosome,0,0,0,0.0002093478632240107,13,1
22808473,Ferrocene-containing dendrimers,2,1,3,0.0007826403274971345,180,108
26427482,Metallodendrimer,1,1,2,0.00042290952985848794,180,108
41237117,Poly(amidoamine),1,0,1,0.00042290952985848794,180,108
15417,Intermolecular force,8,7,15,0.0015875495561175229,180,108
835157,Adhesion,3,5,8,0.0007260171310757941,180,108
26028285,Buckingham potential,2,2,4,0.0007905905958316081,180,108
2237309,Cohesion (chemistry),3,3,6,0.0011847878837346216,180,108
46316026,Combining rules,0,2,2,0.0002093478632240107,180,108
16702705,Dispersive adhesion,0,2,2,0.0002093478632240107,180,108
50346067,Effective fragment potential method,0,0,0,0.0002093478632240107,15,1
2916615,Force field (chemistry),5,6,11,0.0016980241475369388,180,108
14350687,Halogen bond,0,2,2,0.0002093478632240107,180,108
15544038,Hamaker constant,5,1,6,0.0023907029507559442,180,108
5436866,Hamaker theory,3,0,3,0.002757765406940456,180,108
2028282,Hellmann–Feynman theorem,1,2,3,0.0012082175544590225,180,108
29287934,Hydrophile,4,2,6,0.0004441632693864001,66,17
14136,Hydrophobe,8,1,9,0.0010998163444796115,66,17
47618620,Silicon organic water repellent,0,5,5,0.0002093478632240107,66,17
22323371,Hydrophobicity scales,4,0,4,0.0006923711739036764,66,17
20639064,Interbilayer forces in membrane fusion,0,3,3,0.0002093478632240107,180,108
64170778,Interface force field,0,2,2,0.0002093478632240107,180,108
30864881,Jacob Israelachvili,3,0,3,0.0010913120616403674,180,108
227686,Lennard-Jones potential,10,6,16,0.0034720527805811078,180,108
355547,London dispersion force,6,2,8,0.002402260745299551,180,108
547400,Molecular mechanics,4,2,6,0.0016272290016090673,180,108
41240510,Morse/Long-range potential,1,1,2,0.0007015933135556204,180,108
23596560,Optical contact bonding,0,0,0,0.0002093478632240107,16,1
10422831,Pair potential,0,1,1,0.0002093478632240107,180,108
33996996,Stefan adhesion,0,0,0,0.0002093478632240107,21,1
1949793,Surface forces apparatus,2,1,3,0.0002911477226633771,180,108
113302,Surface tension,1,4,5,0.0005452959295704632,180,108
3169559,Ultrahydrophobicity,3,4,7,0.000725941348725314,66,17
70657,Van der Waals force,24,8,32,0.006921375342829386,180,108
70651,Van der Waals radius,4,2,6,0.0019494616875922269,180,108
14241105,Van der Waals surface,3,2,5,0.001988122948436583,180,108
169448,Membrane topology,1,1,2,0.0004674545780849506,180,108
35857512,Protein topology,1,2,3,0.0006068721067321529,180,108
10617036,Residual topology,0,0,0,0.0002093478632240107,23,1
1832781,Superhelix,0,0,0,0.0002093478632240107,281,1
22272874,Covalent organic framework,1,0,1,0.00025384650436200454,22,55
20386463,Thin-film solar cell,3,9,12,0.0007493801496489131,24,144
50037064,Amorphous silicon,3,9,12,0.0008411560768208568,24,144
21054852,Anwell Technologies,1,1,2,0.0002888384029371804,70,30
19753612,Black silicon,1,1,2,0.00028019608146479435,66,17
19690850,Cadmium telluride photovoltaics,3,0,3,0.0005197993720658497,24,144
1932063,Dye-sensitized solar cell,6,4,10,0.0015343256278073601,24,144
43845714,Perovskite solar cell,5,5,10,0.0009148802472583695,24,144
5633169,Protocrystalline,2,1,3,0.00045922881949670986,24,144
27092360,Angel gilding,0,0,0,0.0002093478632240107,159,1
3607910,Atomic layer deposition,9,2,11,0.0024123797902903432,24,144
3593667,Atomic layer epitaxy,2,2,4,0.0013877423381301237,24,144
2978332,Cathodic arc deposition,5,2,7,0.0014008794595452357,24,144
3593867,Chemical beam epitaxy,0,2,2,0.0002093478632240107,24,144
6111,Chemical vapor deposition,21,7,28,0.005628016117267935,24,144
60597923,Close-space sublimation,1,0,1,0.0004615864866890308,24,144
25122527,Combustion chemical vapor deposition,0,4,4,0.0002093478632240107,24,144
1821411,Diamond-like carbon,2,3,5,0.0012358497826974746,24,144
4444573,Dip-coating,4,2,6,0.0017494093853013127,12,86
5282056,Electron-beam physical vapor deposition,1,0,1,0.0004615864866890308,24,144
12765046,Electrostatic spray-assisted vapour deposition,0,0,0,0.0002093478632240107,34,1
449756,Epitaxy,13,6,19,0.0034874067105542753,24,144
10303,Evaporation,1,1,2,0.0004085959169576182,5,43
8964614,Evaporation (deposition),8,2,10,0.0031386420970089253,24,144
2980233,Focused ion beam,10,3,13,0.00322252553920894,1,142
30488622,Friction surfacing,0,0,0,0.0002093478632240107,36,1
14685581,Hybrid physical–chemical vapor deposition,0,3,3,0.0002093478632240107,24,144
4616444,Hydride vapour-phase epitaxy,0,0,0,0.0002093478632240107,165,1
1592806,Ion beam,2,2,4,0.0011824099775572432,30,52
32701959,Ion layer gas reaction,0,1,1,0.0002093478632240107,182,2
3183229,Ion plating,4,2,6,0.0012943362109319406,24,144
6639797,Island growth,1,1,2,0.0007037415976626125,24,144
55262478,Landau–Levich problem,0,0,0,0.0002093478632240107,44,1
2594101,Langmuir (unit),1,0,1,0.0003134858369281255,12,86
56495543,Laser chemical vapor deposition,0,0,0,0.0002093478632240107,46,1
39295868,Lely method,1,1,2,0.000635758192790141,24,144
61186777,Low-energy plasma-enhanced chemical vapor deposition,0,3,3,0.0002093478632240107,24,144
2925575,Metalorganic vapour-phase epitaxy,0,1,1,0.0002093478632240107,24,144
59207188,Molecular layer deposition,0,4,4,0.0002093478632240107,22,55
450052,Molecular-beam epitaxy,3,7,10,0.000791209772484148,24,144
6086928,Physical vapor deposition,9,11,20,0.003261785975455587,24,144
8603211,Plasma-enhanced chemical vapor deposition,5,0,5,0.001166086768318084,24,144
1208416,Plating,3,0,3,0.0006971361081896876,24,144
710045,Pulsed laser deposition,5,0,5,0.0013517666113631059,24,144
47842319,Rotating pocket heater,0,0,0,0.0002093478632240107,52,1
747222,Silicon on sapphire,2,2,4,0.0019371474351473673,24,144
1701055,Sol–gel process,0,1,1,0.0002093478632240107,70,30
2436311,Spin coating,8,0,8,0.002776825695295106,12,86
9084531,Sputter deposition,10,4,14,0.002834862867720633,24,144
28627,Sputtering,2,1,3,0.0004004785006030617,24,144
39933282,Sublimation sandwich method,2,2,4,0.0010020159930102233,24,144
60672870,Surface growth,0,0,0,0.0002093478632240107,62,1
7068038,Thermal barrier coating,0,1,1,0.0002093478632240107,5,43
6434629,Thermal spraying,2,1,3,0.0007192055856150136,5,43
2960512,Tinning,0,1,1,0.0002093478632240107,24,144
2554508,Tinplate,0,1,1,0.0002093478632240107,24,144
5547312,Vacuum deposition,3,7,10,0.0007356980478813117,24,144
3672150,Vacuum evaporation,0,1,1,0.0002093478632240107,24,144
1802096,Wake Shield Facility,1,0,1,0.0007037415976626125,24,144
49791868,FlexEnable,1,4,5,0.000285904389877965,70,30
6648322,Flexible display,1,7,8,0.0003145909553857153,70,30
40474939,Human Media Lab,2,0,2,0.000324116068591336,70,30
54868300,Nubia Technology,0,0,0,0.0002093478632240107,231,1
19591977,Organic user interface,1,2,3,0.00024755954193738164,70,30
34154,PARC (company),1,0,1,0.001218283855842723,22,55
9749776,Plastic Logic,1,3,4,0.00027012045975730416,70,30
61872977,Xiaomi Mi MIX Alpha,0,1,1,0.0002093478632240107,70,30
387489,Thin-film optics,5,3,8,0.0038197197871815167,51,10
1641247,Anti-reflective coating,1,4,5,0.0005212413274384754,51,10
19134706,Anti-scratch coating,2,1,3,0.000366799551549434,51,10
65295885,Crystalline coatings,0,1,1,0.0002093478632240107,51,10
36084530,Depth-graded multilayer coating,0,0,0,0.0002093478632240107,247,1
1517769,Dichroic filter,2,1,3,0.0014119332724046002,51,10
4126880,Dichroic glass,1,0,1,0.0003753275402615118,132,134
584207,Dichroic prism,1,1,2,0.001301127060039449,51,10
584887,Optical coating,2,1,3,0.0004981486401411373,51,10
917126,Smart glass,2,0,2,0.0005151453282953444,284,4
27301235,Thin-film interference,3,2,5,0.0025054944321796927,51,10
